timestamp,temperature
2025-04-06 13:42:49,231.43084021608092
2025-04-06 13:42:49,208.20277696274158
2025-04-06 13:42:49,188.0889603061673
2025-04-06 13:42:49,215.88018772088503
2025-04-06 13:42:49,245.97678218995387
2025-04-06 13:42:49,159.69321222755366
2025-04-06 13:42:49,160.18081300811
2025-04-06 13:42:49,207.6737524111806
2025-04-06 13:42:49,171.8565946176884
2025-04-06 13:42:49,184.86778556004612
2025-04-06 13:42:49,217.31182804123264
2025-04-06 13:42:49,218.19982918427735
2025-04-06 13:42:49,202.33578607479973
2025-04-06 13:42:49,183.96194257463537
2025-04-06 13:42:49,212.59239203102294
2025-04-06 13:42:49,205.93901958659347
2025-04-06 13:42:49,212.76162419306058
2025-04-06 13:42:49,168.87162385646658
2025-04-06 13:42:49,241.82516697390702
2025-04-06 13:42:49,176.9990883146016
2025-04-06 13:42:49,223.7007755628548
2025-04-06 13:42:49,176.9057851769819
2025-04-06 13:42:49,230.2820960550995
2025-04-06 13:42:49,162.55875649926122
2025-04-06 13:42:49,184.29411844326938
2025-04-06 13:42:49,204.90847079174125
2025-04-06 13:42:49,219.7743435151142
2025-04-06 13:42:49,212.37764230258188
2025-04-06 13:42:49,218.3500089628306
2025-04-06 13:42:49,210.67069202471706
2025-04-06 13:42:49,230.34588978559282
2025-04-06 13:42:49,224.4744749332159
2025-04-06 13:42:49,199.80804059887348
2025-04-06 13:42:49,150.32338174800444
2025-04-06 13:42:49,169.22838105462762
2025-04-06 13:42:49,179.3020203245849
2025-04-06 13:42:49,152.0864734615954
2025-04-06 13:42:49,182.9590196863398
2025-04-06 13:42:49,178.50940051773046
2025-04-06 13:42:49,199.31264337428638
2025-04-06 13:42:49,179.86385463382197
2025-04-06 13:42:49,171.87561566129
2025-04-06 13:42:49,235.42526876549854
2025-04-06 13:42:49,201.79207697643707
2025-04-06 13:42:49,171.96866874936939
2025-04-06 13:42:49,174.29087461042846
2025-04-06 13:42:49,244.84649416940726
2025-04-06 13:42:49,201.47549471930205
2025-04-06 13:42:49,212.57769940205318
2025-04-06 13:42:49,245.1750340537485
2025-04-06 13:42:49,246.61945643359047
2025-04-06 13:42:49,155.05230038002935
2025-04-06 13:42:49,171.8182555221535
2025-04-06 13:42:49,216.73344874898766
2025-04-06 13:42:49,215.01566821335746
2025-04-06 13:42:49,221.38036597011575
2025-04-06 13:42:49,212.96520645531535
2025-04-06 13:42:49,211.52062427250024
2025-04-06 13:42:49,228.23731041772447
2025-04-06 13:42:49,199.50433597445206
2025-04-06 13:42:49,206.00395341331767
2025-04-06 13:42:49,221.3339133527798
2025-04-06 13:42:49,219.8616337940257
2025-04-06 13:42:49,195.99726000507147
2025-04-06 13:42:49,162.5693070968815
2025-04-06 13:42:49,241.37137222281646
2025-04-06 13:42:49,157.3511028431627
2025-04-06 13:42:49,247.56532607970274
2025-04-06 13:42:49,197.58143646940334
2025-04-06 13:42:49,152.66570607175865
2025-04-06 13:42:49,190.09667490407185
2025-04-06 13:42:49,156.21882977751125
2025-04-06 13:42:49,170.8113780114556
2025-04-06 13:42:49,235.33595035821628
2025-04-06 13:42:49,173.02131313665976
2025-04-06 13:42:49,198.42240173012772
2025-04-06 13:42:49,204.1005869584429
2025-04-06 13:42:49,200.03933146090603
2025-04-06 13:42:49,210.60465722235364
2025-04-06 13:42:49,219.83221868127774
2025-04-06 13:42:49,188.03540787971912
2025-04-06 13:42:49,181.89094148837714
2025-04-06 13:42:49,182.67545435925635
2025-04-06 13:42:49,189.8975732194653
2025-04-06 13:42:49,227.10807178992826
2025-04-06 13:42:49,194.52607096136092
2025-04-06 13:42:49,195.67212630396887
2025-04-06 13:42:49,187.21990596080323
2025-04-06 13:42:49,155.7705182224074
2025-04-06 13:42:49,192.53351356016123
2025-04-06 13:42:49,239.83990928377648
2025-04-06 13:42:49,197.7706706362773
2025-04-06 13:42:49,153.33787638336574
2025-04-06 13:42:49,191.28599229351113
2025-04-06 13:42:49,162.98590827481917
2025-04-06 13:42:49,155.6874739467076
2025-04-06 13:42:49,245.13514383495885
2025-04-06 13:42:49,193.43545643427345
2025-04-06 13:42:49,155.14940784501556
2025-04-06 13:42:49,217.25363667670092
2025-04-06 13:42:49,217.24171144742917
2025-04-06 13:42:49,152.40709539341947
2025-04-06 13:42:49,151.78129322903544
2025-04-06 13:42:49,189.60648880627153
2025-04-06 13:42:49,238.46509245821528
2025-04-06 13:42:49,173.16639950684817
2025-04-06 13:42:49,160.53411122514706
2025-04-06 13:42:49,173.6241558877113
2025-04-06 13:42:49,224.32938275142644
2025-04-06 13:42:49,162.7074632877136
2025-04-06 13:42:49,158.71688962217644
2025-04-06 13:42:49,228.12588052651057
2025-04-06 13:42:49,205.7841012284962
2025-04-06 13:42:49,200.30898728890463
2025-04-06 13:42:49,168.5368123733847
2025-04-06 13:42:49,170.02335635997136
2025-04-06 13:42:49,159.113016607881
2025-04-06 13:42:49,190.97808309785475
2025-04-06 13:42:49,246.1410287778125
2025-04-06 13:42:49,202.89055740129217
2025-04-06 13:42:49,219.06305463330534
2025-04-06 13:42:49,169.06537190903248
2025-04-06 13:42:49,204.2519107668072
2025-04-06 13:42:49,244.65315401455027
2025-04-06 13:42:49,242.79528932948054
2025-04-06 13:42:49,230.78498428020774
2025-04-06 13:42:49,247.97046903925514
2025-04-06 13:42:49,245.1426369679404
2025-04-06 13:42:49,158.28908629565535
2025-04-06 13:42:49,224.1439775776643
2025-04-06 13:42:49,230.87930692636888
2025-04-06 13:42:49,229.74925901477553
2025-04-06 13:42:49,217.55080352402763
2025-04-06 13:42:49,187.48994923115913
2025-04-06 13:42:49,189.06811289433068
2025-04-06 13:42:49,186.2141883435828
2025-04-06 13:42:49,169.81517192446432
2025-04-06 13:42:49,232.12955979449902
2025-04-06 13:42:49,192.36457178405095
2025-04-06 13:42:49,157.7443133388971
2025-04-06 13:42:49,151.8212465395035
2025-04-06 13:42:49,166.91443698890467
2025-04-06 13:42:49,236.0021577719338
2025-04-06 13:42:49,168.75089687936185
2025-04-06 13:42:49,198.33869413870974
2025-04-06 13:42:49,190.0066018065478
2025-04-06 13:42:49,202.06615078883422
2025-04-06 13:42:49,214.7879931582636
2025-04-06 13:42:49,228.72964221822684
2025-04-06 13:42:49,165.90896034394152
2025-04-06 13:42:49,154.27855052158782
2025-04-06 13:42:49,191.3529880505442
2025-04-06 13:42:49,227.080565537055
2025-04-06 13:42:49,231.27774536221517
2025-04-06 13:42:49,226.15209893987932
2025-04-06 13:42:49,214.4113804737584
2025-04-06 13:42:49,226.18964784205411
2025-04-06 13:42:49,187.6095484576757
2025-04-06 13:42:49,233.95892341872676
2025-04-06 13:42:49,227.55875972579275
2025-04-06 13:42:49,206.25301590469326
2025-04-06 13:42:49,151.03311926910794
2025-04-06 13:42:49,195.59951773339924
2025-04-06 13:42:49,241.88057755961472
2025-04-06 13:42:49,216.6010259671906
2025-04-06 13:42:49,161.98665117104386
2025-04-06 13:42:49,187.7671169547868
2025-04-06 13:42:49,206.7407676762903
2025-04-06 13:42:49,207.1693966145064
2025-04-06 13:42:49,194.0477271942834
2025-04-06 13:42:49,160.24945696941379
2025-04-06 13:42:49,163.93609568636782
2025-04-06 13:42:49,171.225414552877
2025-04-06 13:42:49,168.82244221976657
2025-04-06 13:42:49,233.48346105920524
2025-04-06 13:42:49,215.58312487850446
2025-04-06 13:42:49,201.19843303166496
2025-04-06 13:42:49,232.43125650356677
2025-04-06 13:42:49,180.36223917120788
2025-04-06 13:42:49,173.4218004376201
2025-04-06 13:42:49,182.45041228042612
2025-04-06 13:42:49,212.8166149759224
2025-04-06 13:42:49,240.5018854335404
2025-04-06 13:42:49,162.86830973981606
2025-04-06 13:42:49,162.78612016801569
2025-04-06 13:42:49,150.9016309168294
2025-04-06 13:42:49,151.04413922359268
2025-04-06 13:42:49,152.87884270215736
2025-04-06 13:42:49,186.0806682012311
2025-04-06 13:42:49,199.04591667092615
2025-04-06 13:42:49,218.54738117231244
2025-04-06 13:42:49,186.81554749453954
2025-04-06 13:42:49,214.58625158875935
2025-04-06 13:42:49,197.59256777724607
2025-04-06 13:42:49,150.78542323025695
2025-04-06 13:42:49,246.44454758380073
2025-04-06 13:42:49,150.45274473393417
2025-04-06 13:42:49,150.142048055789
2025-04-06 13:42:49,182.55099586902878
2025-04-06 13:42:49,164.97857579274358
2025-04-06 13:42:49,173.6381891293382
2025-04-06 13:42:49,223.5294875273805
2025-04-06 13:42:49,223.76098013125858
2025-04-06 13:42:49,208.80274268445822
2025-04-06 13:42:49,199.06718195259302
2025-04-06 13:42:49,200.69118811724218
2025-04-06 13:42:49,241.19855345501162
2025-04-06 13:42:49,218.7726508786106
2025-04-06 13:42:49,222.18917335352296
2025-04-06 13:42:49,246.70715400678938
2025-04-06 13:42:49,207.35585922671743
2025-04-06 13:42:49,208.0022040350956
2025-04-06 13:42:49,236.8475993560296
2025-04-06 13:42:49,154.10117659843883
2025-04-06 13:42:49,247.40342822568806
2025-04-06 13:42:49,247.10245504693896
2025-04-06 13:42:49,246.85649684511407
2025-04-06 13:42:49,236.62115072186177
2025-04-06 13:42:49,193.94969124473113
2025-04-06 13:42:49,201.43134524774362
2025-04-06 13:42:49,158.80230564771975
2025-04-06 13:42:49,183.14502995004972
2025-04-06 13:42:49,244.52382651727555
2025-04-06 13:42:49,242.5957260893582
2025-04-06 13:42:49,206.16861146646886
2025-04-06 13:42:49,228.07111388294544
2025-04-06 13:42:49,232.79131681293157
2025-04-06 13:42:49,197.4344671070891
2025-04-06 13:42:49,205.81203462361688
2025-04-06 13:42:49,221.79817450676126
2025-04-06 13:42:49,211.7152588390544
2025-04-06 13:42:49,203.43298977029417
2025-04-06 13:42:49,175.7312626002043
2025-04-06 13:42:49,154.26144928484285
2025-04-06 13:42:49,161.32674674719934
2025-04-06 13:42:49,166.8246593038119
2025-04-06 13:42:49,229.79033147995403
2025-04-06 13:42:49,175.27591100626282
2025-04-06 13:42:49,217.73597097912983
2025-04-06 13:42:49,163.01278853518033
2025-04-06 13:42:49,230.76230716258846
2025-04-06 13:42:49,162.45637988166987
2025-04-06 13:42:49,174.97110397998793
2025-04-06 13:42:49,221.25639685480553
2025-04-06 13:42:49,153.3915119312076
2025-04-06 13:42:49,206.5978624589152
2025-04-06 13:42:49,244.1160830376249
2025-04-06 13:42:49,169.59012338261482
2025-04-06 13:42:49,151.6977280161876
2025-04-06 13:42:49,184.00828880154955
2025-04-06 13:42:49,174.42002636076376
2025-04-06 13:42:49,228.1610770504389
2025-04-06 13:42:49,170.48081160842636
2025-04-06 13:42:49,168.95054600033717
2025-04-06 13:42:49,177.86547379365945
2025-04-06 13:42:49,182.56331526496288
2025-04-06 13:42:49,161.56804698548422
2025-04-06 13:42:49,169.76965426362543
2025-04-06 13:42:49,162.77216031225322
2025-04-06 13:42:49,243.9568054449358
2025-04-06 13:42:49,160.25388880148935
2025-04-06 13:42:49,152.4170745892503
2025-04-06 13:42:49,161.35935096534038
2025-04-06 13:42:49,234.81630297051316
2025-04-06 13:42:49,242.0189708355851
2025-04-06 13:42:49,224.4289628221937
2025-04-06 13:42:49,198.18350630415674
2025-04-06 13:42:49,162.68703659476935
2025-04-06 13:42:49,228.57957396618332
2025-04-06 13:42:49,226.8922107723717
2025-04-06 13:42:49,167.7417172367633
2025-04-06 13:42:49,198.8428126386226
2025-04-06 13:42:49,191.1933328422794
2025-04-06 13:42:49,163.4363050774474
2025-04-06 13:42:49,222.11979529362708
2025-04-06 13:42:49,156.059564874369
2025-04-06 13:42:49,203.68481665372218
2025-04-06 13:42:49,164.20374534232047
2025-04-06 13:42:49,227.84416926267266
2025-04-06 13:42:49,163.1556414527412
2025-04-06 13:42:49,219.97134801543098
2025-04-06 13:42:49,229.9928741651932
2025-04-06 13:42:49,173.35410150407563
2025-04-06 13:42:49,245.0709327991021
2025-04-06 13:42:49,158.48172644966675
2025-04-06 13:42:49,222.17611222570025
2025-04-06 13:42:49,155.3978691789261
2025-04-06 13:42:49,174.2766206061148
2025-04-06 13:42:49,247.19236893208213
2025-04-06 13:42:49,173.5297406645104
2025-04-06 13:42:49,160.11019233168764
2025-04-06 13:42:49,201.0154221140404
2025-04-06 13:42:49,198.0035239653273
2025-04-06 13:42:49,192.76459461522342
2025-04-06 13:42:49,209.23526160806517
2025-04-06 13:42:49,192.3908540653967
2025-04-06 13:42:49,213.70852411079548
2025-04-06 13:42:49,236.75469965879972
2025-04-06 13:42:49,163.92615470975926
2025-04-06 13:42:49,249.6202433276306
2025-04-06 13:42:49,155.29540605596978
2025-04-06 13:42:49,163.9279919280122
2025-04-06 13:42:49,172.23063492036925
2025-04-06 13:42:49,226.98409586997855
2025-04-06 13:42:49,238.41891360940758
2025-04-06 13:42:49,150.83841565085697
2025-04-06 13:42:49,241.07878911851685
2025-04-06 13:42:49,201.91140019680805
2025-04-06 13:42:49,150.85275949178285
2025-04-06 13:42:49,224.8430365365241
2025-04-06 13:42:49,160.7784688222159
2025-04-06 13:42:49,228.8423798038664
2025-04-06 13:42:49,195.51727813133485
2025-04-06 13:42:49,187.13402374844566
2025-04-06 13:42:49,190.3534010101194
2025-04-06 13:42:49,227.95716211863902
2025-04-06 13:42:49,166.79230860031734
2025-04-06 13:42:49,164.90083580729788
2025-04-06 13:42:49,212.00082292555652
2025-04-06 13:42:49,180.75176903971223
2025-04-06 13:42:49,182.81156744019546
2025-04-06 13:42:49,203.66883999099397
2025-04-06 13:42:49,156.2300946035534
2025-04-06 13:42:49,225.80587450982125
2025-04-06 13:42:49,152.00346372071633
2025-04-06 13:42:49,195.45984517619752
2025-04-06 13:42:49,169.82467207855
2025-04-06 13:42:49,223.2165691887472
2025-04-06 13:42:49,170.68328324341476
2025-04-06 13:42:49,176.9495287687429
2025-04-06 13:42:49,198.20354951613302
2025-04-06 13:42:49,241.78947791789366
2025-04-06 13:42:49,153.70344073180223
2025-04-06 13:42:49,224.5200510656104
2025-04-06 13:42:49,172.57607854295412
2025-04-06 13:42:49,181.0410891434338
2025-04-06 13:42:49,150.39600169348427
2025-04-06 13:42:49,177.82992268595035
2025-04-06 13:42:49,172.63570080945468
2025-04-06 13:42:49,194.97271268596418
2025-04-06 13:42:49,190.93848235348224
2025-04-06 13:42:49,163.41651340682424
2025-04-06 13:42:49,205.4726247890394
2025-04-06 13:42:49,220.3968672057402
2025-04-06 13:42:49,161.35664100613948
2025-04-06 13:42:49,169.69252039121452
2025-04-06 13:42:49,160.1132798992149
2025-04-06 13:42:49,239.52388240102113
2025-04-06 13:42:49,179.6042820790176
2025-04-06 13:42:49,156.84933276395293
2025-04-06 13:42:49,155.50901900361077
2025-04-06 13:42:49,191.2562042995733
2025-04-06 13:42:49,174.09153465869943
2025-04-06 13:42:49,207.52737920213355
2025-04-06 13:42:49,224.39895942987891
2025-04-06 13:42:49,232.21755166871384
2025-04-06 13:42:49,213.24035723079817
2025-04-06 13:42:49,199.42668443356615
2025-04-06 13:42:49,201.35189747961348
2025-04-06 13:42:49,171.39047789946795
2025-04-06 13:42:49,223.21272743114127
2025-04-06 13:42:49,160.81859597784765
2025-04-06 13:42:49,183.89088452431614
2025-04-06 13:42:49,174.41741011867117
2025-04-06 13:42:49,198.42622938728846
2025-04-06 13:42:49,199.18302998129576
2025-04-06 13:42:49,158.34026632541287
2025-04-06 13:42:49,173.05618757679184
2025-04-06 13:42:49,194.10538498305928
2025-04-06 13:42:49,243.1203318401772
2025-04-06 13:42:49,159.342665897287
2025-04-06 13:42:49,188.50872039216114
2025-04-06 13:42:49,207.24868727710816
2025-04-06 13:42:49,225.74193352727497
2025-04-06 13:42:49,209.69113513933075
2025-04-06 13:42:49,207.77140581263254
2025-04-06 13:42:49,226.1030200988486
2025-04-06 13:42:49,157.01539782517935
2025-04-06 13:42:49,160.9573534839299
2025-04-06 13:42:49,150.17732954830865
2025-04-06 13:42:49,192.76530764557407
2025-04-06 13:42:49,182.73799781626164
2025-04-06 13:42:49,190.45377764155782
2025-04-06 13:42:49,211.0229457403949
2025-04-06 13:42:49,178.94470718263722
2025-04-06 13:42:49,209.16228064520845
2025-04-06 13:42:49,186.46353424048027
2025-04-06 13:42:49,241.34160461583122
2025-04-06 13:42:49,227.05766466929157
2025-04-06 13:42:49,158.15090966051702
2025-04-06 13:42:49,164.44573195775826
2025-04-06 13:42:49,234.3356001205246
2025-04-06 13:42:49,188.58662994795856
2025-04-06 13:42:49,227.15183088048366
2025-04-06 13:42:49,179.17763319996757
2025-04-06 13:42:49,203.90324226602337
2025-04-06 13:42:49,182.78223130657094
2025-04-06 13:42:49,241.33803078506583
2025-04-06 13:42:49,177.105214545784
2025-04-06 13:42:49,184.67615957839328
2025-04-06 13:42:49,152.28531042280625
2025-04-06 13:42:49,180.13138913333472
2025-04-06 13:42:49,183.05836751733432
2025-04-06 13:42:49,159.85495053731492
2025-04-06 13:42:49,199.38759017126023
2025-04-06 13:42:49,168.31772478062544
2025-04-06 13:42:49,189.85797673926015
2025-04-06 13:42:49,238.79196586142962
2025-04-06 13:42:49,172.0671264564571
2025-04-06 13:42:49,168.6773664053557
2025-04-06 13:42:49,242.7507438134537
2025-04-06 13:42:49,212.4110437705031
2025-04-06 13:42:49,155.6744832770186
2025-04-06 13:42:49,237.97139869518435
2025-04-06 13:42:49,238.59063000986686
2025-04-06 13:42:49,167.2061478219061
2025-04-06 13:42:49,168.85544705405096
2025-04-06 13:42:49,173.18389375452517
2025-04-06 13:42:49,164.8751665246374
2025-04-06 13:42:49,202.79685204887897
2025-04-06 13:42:49,247.73286853136995
2025-04-06 13:42:49,211.15435860298692
2025-04-06 13:42:49,174.96417640240978
2025-04-06 13:42:49,194.49814995518517
2025-04-06 13:42:49,184.2368054302421
2025-04-06 13:42:49,184.37622357691754
2025-04-06 13:42:49,156.45906887764573
2025-04-06 13:42:49,234.06617147877108
2025-04-06 13:42:49,212.4755244995401
2025-04-06 13:42:49,191.26499273460254
2025-04-06 13:42:49,171.46291599247283
2025-04-06 13:42:49,223.47201357016394
2025-04-06 13:42:49,154.48500320069274
2025-04-06 13:42:49,222.14133819216192
2025-04-06 13:42:49,210.42074440798305
2025-04-06 13:42:49,177.40638942773683
2025-04-06 13:42:49,178.0913230652726
2025-04-06 13:42:49,244.57544569888358
2025-04-06 13:42:49,152.95429836998682
2025-04-06 13:42:49,167.03198759250458
2025-04-06 13:42:49,187.1674464298885
2025-04-06 13:42:49,237.08650294015683
2025-04-06 13:42:49,200.91004463001394
2025-04-06 13:42:49,164.89321042989877
2025-04-06 13:42:49,176.749112787573
2025-04-06 13:42:49,182.88623029211743
2025-04-06 13:42:49,206.10379499243595
2025-04-06 13:42:49,223.56297936246995
2025-04-06 13:42:49,208.9951612267712
2025-04-06 13:42:49,246.21004570805948
2025-04-06 13:42:49,212.53661760272283
2025-04-06 13:42:49,168.2715906494101
2025-04-06 13:42:49,186.26534203386066
2025-04-06 13:42:49,168.73756515257787
2025-04-06 13:42:49,215.57790807178483
2025-04-06 13:42:49,183.45043940418418
2025-04-06 13:42:49,179.54607611099
2025-04-06 13:42:49,227.6912087590089
2025-04-06 13:42:49,212.01533155318654
2025-04-06 13:42:49,186.6523260911333
2025-04-06 13:42:49,161.9259380935476
2025-04-06 13:42:49,153.0627279412795
2025-04-06 13:42:49,228.18050383415635
2025-04-06 13:42:49,215.82366826232618
2025-04-06 13:42:49,233.30540181239752
2025-04-06 13:42:49,218.76847116939274
2025-04-06 13:42:49,178.3419860296388
2025-04-06 13:42:49,222.4022897035112
2025-04-06 13:42:49,187.86412868416073
2025-04-06 13:42:49,183.04415341873815
2025-04-06 13:42:49,206.2903611640944
2025-04-06 13:42:49,245.69663916982512
2025-04-06 13:42:49,166.41487389890912
2025-04-06 13:42:49,245.68344440941058
2025-04-06 13:42:49,187.49888114711618
2025-04-06 13:42:49,162.09787820585936
2025-04-06 13:42:49,174.14363569433513
2025-04-06 13:42:49,181.0872709874064
2025-04-06 13:42:49,198.1590476307254
2025-04-06 13:42:49,243.60156409305574
2025-04-06 13:42:49,156.18871293406065
2025-04-06 13:42:49,156.3924745532312
2025-04-06 13:42:49,175.54113469292153
2025-04-06 13:42:49,156.65040446990545
2025-04-06 13:42:49,183.16128615838167
2025-04-06 13:42:49,243.9627349507973
2025-04-06 13:42:49,200.0798705184618
2025-04-06 13:42:49,249.39644160731245
2025-04-06 13:42:49,234.52320441331653
2025-04-06 13:42:49,208.48698276460493
2025-04-06 13:42:49,197.17472925041665
2025-04-06 13:42:49,198.11319122868463
2025-04-06 13:42:49,207.4813475442037
2025-04-06 13:42:49,167.91651126383786
2025-04-06 13:42:49,210.323210831547
2025-04-06 13:42:49,238.8250361496515
2025-04-06 13:42:49,232.8634368917008
2025-04-06 13:42:49,213.45973432439254
2025-04-06 13:42:49,235.3102568725813
2025-04-06 13:42:49,219.66769333652593
2025-04-06 13:42:49,175.58256190009004
2025-04-06 13:42:49,155.36753276192835
2025-04-06 13:42:49,249.0886447457957
2025-04-06 13:42:49,182.0674265434361
2025-04-06 13:42:49,170.50737262970097
2025-04-06 13:42:49,175.4466937879063
2025-04-06 13:42:49,226.68697291339234
2025-04-06 13:42:49,189.44825749897387
2025-04-06 13:42:49,246.49856972513373
2025-04-06 13:42:49,243.66189086690943
2025-04-06 13:42:49,240.77146950765183
2025-04-06 13:42:49,183.4659634277479
2025-04-06 13:42:49,185.28151278771807
2025-04-06 13:42:49,169.74356797495375
2025-04-06 13:42:49,215.3909485822932
2025-04-06 13:42:49,184.35928591078775
2025-04-06 13:42:49,184.07733826356917
2025-04-06 13:42:49,239.89742642850473
2025-04-06 13:42:49,241.8645004358629
2025-04-06 13:42:49,239.34266972640964
2025-04-06 13:42:49,172.44219377155605
2025-04-06 13:42:49,221.83149791408857
2025-04-06 13:42:49,233.66314271226645
2025-04-06 13:42:49,243.11191282974698
2025-04-06 13:42:49,166.86945929028667
2025-04-06 13:42:49,176.69807503199598
2025-04-06 13:42:49,237.4296655806085
2025-04-06 13:42:49,209.8390190705577
2025-04-06 13:42:49,170.91090362315435
2025-04-06 13:42:49,171.07140556791202
2025-04-06 13:42:49,192.44731857429048
2025-04-06 13:42:49,240.01208240850698
2025-04-06 13:42:49,160.385639472927
2025-04-06 13:42:49,174.37517582709899
2025-04-06 13:42:49,241.5831839121034
2025-04-06 13:42:49,218.90394798178778
2025-04-06 13:42:49,164.7439441266119
2025-04-06 13:42:49,177.41933500135937
2025-04-06 13:42:49,170.60191475865295
2025-04-06 13:42:49,210.81369494874866
2025-04-06 13:42:49,178.77450866056833
2025-04-06 13:42:49,247.7568962681344
2025-04-06 13:42:49,168.42802994132694
2025-04-06 13:42:49,209.86698546545313
2025-04-06 13:42:49,239.97890579010075
2025-04-06 13:42:49,195.34252160274832
2025-04-06 13:42:49,216.94201356469924
2025-04-06 13:42:49,172.50972124319622
2025-04-06 13:42:49,157.36879629041886
2025-04-06 13:42:49,196.07342200621378
2025-04-06 13:42:49,177.32703893431687
2025-04-06 13:42:49,219.07646748431455
2025-04-06 13:42:49,158.65095821354134
2025-04-06 13:42:49,215.290731065
2025-04-06 13:42:49,155.52484534460555
2025-04-06 13:42:49,212.15996379825617
2025-04-06 13:42:49,219.8623173863758
2025-04-06 13:42:49,237.92769095465968
2025-04-06 13:42:49,218.1489593959242
2025-04-06 13:42:49,207.5136485922109
2025-04-06 13:42:49,243.574016246719
2025-04-06 13:42:49,234.5355411634004
2025-04-06 13:42:49,183.94620045156682
2025-04-06 13:42:49,177.69811552907987
2025-04-06 13:42:49,163.09943949404723
2025-04-06 13:42:49,163.19042769627563
2025-04-06 13:42:49,187.94806174963838
2025-04-06 13:42:49,194.19590156102421
2025-04-06 13:42:49,221.98177361028272
2025-04-06 13:42:49,160.83315541048353
2025-04-06 13:42:49,237.96245291467352
2025-04-06 13:42:49,164.80971220697614
2025-04-06 13:42:49,154.56938923262805
2025-04-06 13:42:49,231.32006750383061
2025-04-06 13:42:49,224.45403510220464
2025-04-06 13:42:49,228.01583484958843
2025-04-06 13:42:49,211.3772143380859
2025-04-06 13:42:49,237.3104546316995
2025-04-06 13:42:49,223.74272903905216
2025-04-06 13:42:49,186.6048139849882
2025-04-06 13:42:49,248.73575442956286
2025-04-06 13:42:49,218.34234298905233
2025-04-06 13:42:49,244.8203927325873
2025-04-06 13:42:49,189.5381536923847
2025-04-06 13:42:49,228.77656753838417
2025-04-06 13:42:49,164.37043965903456
2025-04-06 13:42:49,194.19213349709497
2025-04-06 13:42:49,233.02487123886007
2025-04-06 13:42:49,180.9253143866518
2025-04-06 13:42:49,169.53623327099615
2025-04-06 13:42:49,176.03178110703516
2025-04-06 13:42:49,215.10676474686903
2025-04-06 13:42:49,217.29727419266692
2025-04-06 13:42:49,151.01144839817675
2025-04-06 13:42:49,224.2813649174991
2025-04-06 13:42:49,241.71651980860705
2025-04-06 13:42:49,178.07891795520214
2025-04-06 13:42:49,218.4251207309334
2025-04-06 13:42:49,231.61409262473168
2025-04-06 13:42:49,153.99286222919054
2025-04-06 13:42:49,229.2546338937594
2025-04-06 13:42:49,160.34881452817496
2025-04-06 13:42:49,177.82901794744328
2025-04-06 13:42:49,222.80538331578663
2025-04-06 13:42:49,195.11892537584447
2025-04-06 13:42:49,224.60968405342663
2025-04-06 13:42:49,153.36463633960514
2025-04-06 13:42:49,158.33338515204358
2025-04-06 13:42:49,227.57281278229047
2025-04-06 13:42:49,220.6320503439254
2025-04-06 13:42:49,171.9864677457808
2025-04-06 13:42:49,238.74567069161907
2025-04-06 13:42:49,152.60704273058263
2025-04-06 13:42:49,224.30255489785947
2025-04-06 13:42:49,183.01847306280416
2025-04-06 13:42:49,204.08675591954108
2025-04-06 13:42:49,190.43153336556173
2025-04-06 13:42:49,152.44096833608182
2025-04-06 13:42:49,214.16617930012518
2025-04-06 13:42:49,179.17185829365548
2025-04-06 13:42:49,154.50844876011632
2025-04-06 13:42:49,164.11137202361107
2025-04-06 13:42:49,167.52520303980748
2025-04-06 13:42:49,152.06308663837612
2025-04-06 13:42:49,156.69404409132375
2025-04-06 13:42:49,242.89321626008484
2025-04-06 13:42:49,182.78214431968695
2025-04-06 13:42:49,199.93466979388413
2025-04-06 13:42:49,208.05153717685818
2025-04-06 13:42:49,206.0819527375715
2025-04-06 13:42:49,172.84903695312036
2025-04-06 13:42:49,237.0105641801423
2025-04-06 13:42:49,196.9474812615433
2025-04-06 13:42:49,249.4758264933506
2025-04-06 13:42:49,168.65624175489756
2025-04-06 13:42:49,185.25020781329573
2025-04-06 13:42:49,236.2584368770511
2025-04-06 13:42:49,175.75983917385736
2025-04-06 13:42:49,227.9272314646148
2025-04-06 13:42:49,240.15713263739286
2025-04-06 13:42:49,248.33842659592497
2025-04-06 13:42:49,243.23419684594842
2025-04-06 13:42:49,210.55731129103896
2025-04-06 13:42:49,206.57623539376414
2025-04-06 13:42:49,219.1476637216379
2025-04-06 13:42:49,229.6875977420387
2025-04-06 13:42:49,209.47648350779372
2025-04-06 13:42:49,200.0219150231359
2025-04-06 13:42:49,152.1268645852055
2025-04-06 13:42:49,158.69464322222683
2025-04-06 13:42:49,191.1112122754646
2025-04-06 13:42:49,164.01146130278525
2025-04-06 13:42:49,242.33660983452648
2025-04-06 13:42:49,154.72107961756237
2025-04-06 13:42:49,161.52079446990237
2025-04-06 13:42:49,188.0918240052117
2025-04-06 13:42:49,247.41996573750674
2025-04-06 13:42:49,176.33022125060336
2025-04-06 13:42:49,219.5439311394752
2025-04-06 13:42:49,231.3055341425917
2025-04-06 13:42:49,242.7297377833059
2025-04-06 13:42:49,175.02982263299177
2025-04-06 13:42:49,214.67989409061818
2025-04-06 13:42:49,243.75146281953164
2025-04-06 13:42:49,171.30480437317001
2025-04-06 13:42:49,178.53350668709788
2025-04-06 13:42:49,164.61006103913945
2025-04-06 13:42:49,210.05812449980178
2025-04-06 13:42:49,239.67708538367359
2025-04-06 13:42:49,168.0159288962405
2025-04-06 13:42:49,158.5121520413629
2025-04-06 13:42:49,164.89714341380318
2025-04-06 13:42:49,179.47491400191672
2025-04-06 13:42:49,152.7052810874956
2025-04-06 13:42:49,234.7605254077374
2025-04-06 13:42:49,243.77841987014733
2025-04-06 13:42:49,227.7273786464243
2025-04-06 13:42:49,237.99530772681095
2025-04-06 13:42:49,238.40290545170427
2025-04-06 13:42:49,156.34531592013764
2025-04-06 13:42:49,215.8556909087407
2025-04-06 13:42:49,201.97678196314413
2025-04-06 13:42:49,192.10677714667497
2025-04-06 13:42:49,204.21653198552121
2025-04-06 13:42:49,244.867312050226
2025-04-06 13:42:49,173.12175333861572
2025-04-06 13:42:49,239.25618560399622
2025-04-06 13:42:49,230.93832790690857
2025-04-06 13:42:49,213.0424889681945
2025-04-06 13:42:49,192.11088599784912
2025-04-06 13:42:49,210.396828582473
2025-04-06 13:42:49,240.0717301477903
2025-04-06 13:42:49,241.06254401155996
2025-04-06 13:42:49,180.64277278385103
2025-04-06 13:42:49,240.11175071360887
2025-04-06 13:42:49,236.62783611541977
2025-04-06 13:42:49,165.6065454610814
2025-04-06 13:42:49,173.27431546364608
2025-04-06 13:42:49,168.44219918947198
2025-04-06 13:42:49,183.37546456988343
2025-04-06 13:42:49,191.89457498472402
2025-04-06 13:42:49,152.25666712136277
2025-04-06 13:42:49,175.87836194416727
2025-04-06 13:42:49,217.52744555677933
2025-04-06 13:42:49,244.2942043663664
2025-04-06 13:42:49,180.63675213987617
2025-04-06 13:42:49,155.7679543372534
2025-04-06 13:42:49,206.49876973860162
2025-04-06 13:42:49,182.6834950341896
2025-04-06 13:42:49,219.03258907979736
2025-04-06 13:42:49,209.05735398661432
2025-04-06 13:42:49,176.03794426465427
2025-04-06 13:42:49,240.5708373750283
2025-04-06 13:42:49,233.509548363064
2025-04-06 13:42:49,159.73273911833164
2025-04-06 13:42:49,216.2266874464646
2025-04-06 13:42:49,202.78642254734888
2025-04-06 13:42:49,216.48410502178734
2025-04-06 13:42:49,157.55190571511503
2025-04-06 13:42:49,206.8268908603984
2025-04-06 13:42:49,200.95761085977853
2025-04-06 13:42:49,207.15377303870525
2025-04-06 13:42:49,189.7893765098472
2025-04-06 13:42:49,205.4693129426376
2025-04-06 13:42:49,191.07307474100074
2025-04-06 13:42:49,208.10348058328768
2025-04-06 13:42:49,223.9551782102164
2025-04-06 13:42:49,214.96374366832654
2025-04-06 13:42:49,179.31397255373295
2025-04-06 13:42:49,194.51971566448796
2025-04-06 13:42:49,173.07887163501795
2025-04-06 13:42:49,232.81504587105132
2025-04-06 13:42:49,235.25490869681659
2025-04-06 13:42:49,217.64321588085272
2025-04-06 13:42:49,249.4171239310602
2025-04-06 13:42:49,218.80225968360844
2025-04-06 13:42:49,189.9726337473478
2025-04-06 13:42:49,212.87253414558435
2025-04-06 13:42:49,179.2037198816586
2025-04-06 13:42:49,154.8214555272787
2025-04-06 13:42:49,207.39940721098765
2025-04-06 13:42:49,233.34800846578634
2025-04-06 13:42:49,153.86761336614248
2025-04-06 13:42:49,247.7475957489092
2025-04-06 13:42:49,232.90789615431862
2025-04-06 13:42:49,217.29227275618456
2025-04-06 13:42:49,167.62329828860348
2025-04-06 13:42:49,152.5706889043082
2025-04-06 13:42:49,205.60606403695468
2025-04-06 13:42:49,227.91903071262934
2025-04-06 13:42:49,187.03278629854594
2025-04-06 13:42:49,162.53832918363418
2025-04-06 13:42:49,178.07986993189778
2025-04-06 13:42:49,193.75422527416453
2025-04-06 13:42:49,219.39176699531487
2025-04-06 13:42:49,178.8718643180413
2025-04-06 13:42:49,198.93921207756202
2025-04-06 13:42:49,234.33842683375372
2025-04-06 13:42:49,174.36441025165396
2025-04-06 13:42:49,207.3673014843165
2025-04-06 13:42:49,228.13833633921797
2025-04-06 13:42:49,158.96880985603352
2025-04-06 13:42:49,152.5983614965131
2025-04-06 13:42:49,156.38961734807185
2025-04-06 13:42:49,218.59853581351314
2025-04-06 13:42:49,231.2855137641328
2025-04-06 13:42:49,202.554171531819
2025-04-06 13:42:49,227.54453257969706
2025-04-06 13:42:49,239.1667202821645
2025-04-06 13:42:49,163.26522618612233
2025-04-06 13:42:49,176.52410284756354
2025-04-06 13:42:49,198.05474125985518
2025-04-06 13:42:49,238.23288770639277
2025-04-06 13:42:49,233.60579306638644
2025-04-06 13:42:49,161.13617107041858
2025-04-06 13:42:49,249.5135721849556
2025-04-06 13:42:49,216.84931220334246
2025-04-06 13:42:49,225.97103796512428
2025-04-06 13:42:49,175.4091860235645
2025-04-06 13:42:49,163.49761702391845
2025-04-06 13:42:49,180.19397883231002
2025-04-06 13:42:49,226.39723228503937
2025-04-06 13:42:49,212.31581522149605
2025-04-06 13:42:49,177.03392504901865
2025-04-06 13:42:49,168.4092619370169
2025-04-06 13:42:49,207.59521578492576
2025-04-06 13:42:49,173.0879771908248
2025-04-06 13:42:49,217.08603358576957
2025-04-06 13:42:49,172.17863431461305
2025-04-06 13:42:49,165.98427920428307
2025-04-06 13:42:49,168.04699228573907
2025-04-06 13:42:49,161.1231519389957
2025-04-06 13:42:49,160.5979445951401
2025-04-06 13:42:49,218.33575514564245
2025-04-06 13:42:49,232.50777725824804
2025-04-06 13:42:49,189.27389338979538
2025-04-06 13:42:49,156.72812069993003
2025-04-06 13:42:49,180.99227161804794
2025-04-06 13:42:49,155.81936259146855
2025-04-06 13:42:49,222.4436112110479
2025-04-06 13:42:49,208.2267606308096
2025-04-06 13:42:49,241.67931552011208
2025-04-06 13:42:49,193.14910943487865
2025-04-06 13:42:49,229.26376003351004
2025-04-06 13:42:49,162.75403454247507
2025-04-06 13:42:49,235.68462664717921
2025-04-06 13:42:49,158.29130292398986
2025-04-06 13:42:49,227.0596345858052
2025-04-06 13:42:49,232.08532703022033
2025-04-06 13:42:49,188.1328950566351
2025-04-06 13:42:49,238.07699784905702
2025-04-06 13:42:49,245.26125840379603
2025-04-06 13:42:49,164.53468530303684
2025-04-06 13:42:49,217.29684767945605
2025-04-06 13:42:49,210.42627757645573
2025-04-06 13:42:49,181.69664525023381
2025-04-06 13:42:49,245.55392110434417
2025-04-06 13:42:49,176.96810611375298
2025-04-06 13:42:49,194.52982578497176
2025-04-06 13:42:49,213.17575070554162
2025-04-06 13:42:49,243.92164602644584
2025-04-06 13:42:49,193.1343720549887
2025-04-06 13:42:49,154.37230990161785
2025-04-06 13:42:49,236.003595555853
2025-04-06 13:42:49,211.80130310557308
2025-04-06 13:42:49,230.43359795802024
2025-04-06 13:42:49,247.1074902118969
2025-04-06 13:42:49,232.43176619458478
2025-04-06 13:42:49,153.78998555669128
2025-04-06 13:42:49,210.09494437950852
2025-04-06 13:42:49,197.50327530830964
2025-04-06 13:42:49,179.69706352176416
2025-04-06 13:42:49,241.20209214976768
2025-04-06 13:42:49,181.05159807533468
2025-04-06 13:42:49,249.87738036078395
2025-04-06 13:42:49,171.37475751367458
2025-04-06 13:42:49,204.59077636035354
2025-04-06 13:42:49,244.06277966606126
2025-04-06 13:42:49,151.08331333534824
2025-04-06 13:42:49,230.5310364167712
2025-04-06 13:42:49,211.69883922250503
2025-04-06 13:42:49,173.41118788852577
2025-04-06 13:42:49,194.39950908551205
2025-04-06 13:42:49,248.9150011312788
2025-04-06 13:42:49,163.81614425726025
2025-04-06 13:42:49,180.51885576943204
2025-04-06 13:42:49,213.79363259953868
2025-04-06 13:42:49,195.2003714320373
2025-04-06 13:42:49,246.49289307178367
2025-04-06 13:42:49,245.47802087474057
2025-04-06 13:42:49,207.56341551473594
2025-04-06 13:42:49,173.1401737966449
2025-04-06 13:42:49,198.76080615443476
2025-04-06 13:42:49,157.92920546503305
2025-04-06 13:42:49,229.6824537352605
2025-04-06 13:42:49,209.5267945770721
2025-04-06 13:42:49,161.94614176120692
2025-04-06 13:42:49,150.25234036839035
2025-04-06 13:42:49,229.4562285333005
2025-04-06 13:42:49,191.02685714867562
2025-04-06 13:42:49,158.9281357824106
2025-04-06 13:42:49,223.86739283801896
2025-04-06 13:42:49,150.2350200976141
2025-04-06 13:42:49,238.34660240860885
2025-04-06 13:42:49,200.71384179229605
2025-04-06 13:42:49,170.276013387547
2025-04-06 13:42:49,217.83914652755078
2025-04-06 13:42:49,245.06864360142148
2025-04-06 13:42:49,227.08108668907278
2025-04-06 13:42:49,151.1262889894767
2025-04-06 13:42:49,229.48520174935896
2025-04-06 13:42:49,232.86351984349193
2025-04-06 13:42:49,168.42543103262622
2025-04-06 13:42:49,151.3273001078582
2025-04-06 13:42:49,217.89651285589937
2025-04-06 13:42:49,241.4320221981739
2025-04-06 13:42:49,229.0712910343861
2025-04-06 13:42:49,244.5915098555646
2025-04-06 13:42:49,190.08519420871076
2025-04-06 13:42:49,166.27940635482483
2025-04-06 13:42:49,227.90931414183348
2025-04-06 13:42:49,206.67442585888708
2025-04-06 13:42:49,151.1606322088895
2025-04-06 13:42:49,194.52130099278372
2025-04-06 13:42:49,224.9488210850294
2025-04-06 13:42:49,193.49249173354866
2025-04-06 13:42:49,190.59344624733998
2025-04-06 13:42:49,246.58566939007267
2025-04-06 13:42:49,178.98812329361846
2025-04-06 13:42:49,249.92887222540358
2025-04-06 13:42:49,227.09589861071086
2025-04-06 13:42:49,160.0550558194773
2025-04-06 13:42:49,196.77259969773976
2025-04-06 13:42:49,158.7663352093095
2025-04-06 13:42:49,163.86672910268157
2025-04-06 13:42:49,182.87265234230307
2025-04-06 13:42:49,216.7651582322356
2025-04-06 13:42:49,159.0226607404223
2025-04-06 13:42:49,221.2932812814971
2025-04-06 13:42:49,166.39421865268054
2025-04-06 13:42:49,171.0888154342011
2025-04-06 13:42:49,204.9630107466551
2025-04-06 13:42:49,161.22461818718168
2025-04-06 13:42:49,210.15087774994447
2025-04-06 13:42:49,193.5995524665277
2025-04-06 13:42:49,236.3443556047286
2025-04-06 13:42:49,236.80642531847025
2025-04-06 13:42:49,239.02335977531993
2025-04-06 13:42:49,229.84239573894797
2025-04-06 13:42:49,220.30152813034402
2025-04-06 13:42:49,210.98174048481704
2025-04-06 13:42:49,213.5953226576065
2025-04-06 13:42:49,208.7706024840792
2025-04-06 13:42:49,177.6785544839621
2025-04-06 13:42:49,165.91154319278294
2025-04-06 13:42:49,203.77308684956964
2025-04-06 13:42:49,168.75512587571825
2025-04-06 13:42:49,205.836485944656
2025-04-06 13:42:49,204.85992075963992
2025-04-06 13:42:49,226.45134905254156
2025-04-06 13:42:49,202.54336685324603
2025-04-06 13:42:49,183.8747346755399
2025-04-06 13:42:49,180.88548354384076
2025-04-06 13:42:49,211.29194065360326
2025-04-06 13:42:49,207.90409907234027
2025-04-06 13:42:49,175.18577734514835
2025-04-06 13:42:49,165.93916784381878
2025-04-06 13:42:49,180.54657422519884
2025-04-06 13:42:49,239.36550019087707
2025-04-06 13:42:49,196.73715481514725
2025-04-06 13:42:49,169.5840371971791
2025-04-06 13:42:49,221.91620142311567
2025-04-06 13:42:49,171.34860474599006
2025-04-06 13:42:49,170.63940736998978
2025-04-06 13:42:49,186.66417749988028
2025-04-06 13:42:49,183.34418438215818
2025-04-06 13:42:49,157.7892489357084
2025-04-06 13:42:49,195.33825825321367
2025-04-06 13:42:49,209.18783025691198
2025-04-06 13:42:49,213.83449374578944
2025-04-06 13:42:49,219.41577979098446
2025-04-06 13:42:49,174.03949353431258
2025-04-06 13:42:49,174.0272034206803
2025-04-06 13:42:49,177.79272389083724
2025-04-06 13:42:49,245.46676567303933
2025-04-06 13:42:49,226.25182117165326
2025-04-06 13:42:49,175.66251308975794
2025-04-06 13:42:49,178.19566443880447
2025-04-06 13:42:49,238.82363407695283
2025-04-06 13:42:49,165.59071714141683
2025-04-06 13:42:49,177.89862412009967
2025-04-06 13:42:49,193.6864404536047
2025-04-06 13:42:49,167.33817833034476
2025-04-06 13:42:49,181.33775595570853
2025-04-06 13:42:49,211.6447224294656
2025-04-06 13:42:49,202.7282782333381
2025-04-06 13:42:49,236.10931298241564
2025-04-06 13:42:49,228.11019720976446
2025-04-06 13:42:49,223.72157368970153
2025-04-06 13:42:49,167.10118679952444
2025-04-06 13:42:49,179.75768669339976
2025-04-06 13:42:49,225.6876017040576
2025-04-06 13:42:49,168.3160734939596
2025-04-06 13:42:49,165.14883927255357
2025-04-06 13:42:49,220.86413776148717
2025-04-06 13:42:49,239.18748612573552
2025-04-06 13:42:49,207.0594206688014
2025-04-06 13:42:49,192.4344737709224
2025-04-06 13:42:49,226.6704731442412
2025-04-06 13:42:49,228.95761730404178
2025-04-06 13:42:49,173.49988865936345
2025-04-06 13:42:49,240.92464004739358
2025-04-06 13:42:49,213.76393689340506
2025-04-06 13:42:49,243.00574841580044
2025-04-06 13:42:49,215.75952155105017
2025-04-06 13:42:49,190.22351587036616
2025-04-06 13:42:49,181.6737467520524
2025-04-06 13:42:49,177.88165534085064
2025-04-06 13:42:49,203.579624069512
2025-04-06 13:42:49,240.46975809986785
2025-04-06 13:42:49,247.7755195410021
2025-04-06 13:42:49,183.51638592230233
2025-04-06 13:42:49,182.57251529300578
2025-04-06 13:42:49,234.09896369524122
2025-04-06 13:42:49,187.5651775267183
2025-04-06 13:42:49,228.50787852797995
2025-04-06 13:42:49,241.05789997071713
2025-04-06 13:42:49,173.17079362362256
2025-04-06 13:42:49,248.1777229670266
2025-04-06 13:42:49,241.39803682877522
2025-04-06 13:42:49,171.49839528474263
2025-04-06 13:42:49,163.85570541744895
2025-04-06 13:42:49,219.4008891025013
2025-04-06 13:42:49,152.55345470594705
2025-04-06 13:42:49,195.39143990733302
2025-04-06 13:42:49,238.0477916421707
2025-04-06 13:42:49,243.89164365769463
2025-04-06 13:42:49,169.49582457383636
2025-04-06 13:42:49,233.86614114953767
2025-04-06 13:42:49,183.8132189887168
