timestamp,pressure
2025-04-06 13:42:49,226.7221523756535
2025-04-06 13:42:49,124.40956193834737
2025-04-06 13:42:49,287.7735453549484
2025-04-06 13:42:49,159.66568812774773
2025-04-06 13:42:49,167.16919899727148
2025-04-06 13:42:49,295.43529986478075
2025-04-06 13:42:49,340.2667462477836
2025-04-06 13:42:49,341.394190919328
2025-04-06 13:42:49,191.86658126859385
2025-04-06 13:42:49,116.37933961773413
2025-04-06 13:42:49,302.5014386677999
2025-04-06 13:42:49,324.19091847841804
2025-04-06 13:42:49,201.38080733076976
2025-04-06 13:42:49,87.37247749969296
2025-04-06 13:42:49,162.31658922107817
2025-04-06 13:42:49,342.12754571244704
2025-04-06 13:42:49,349.5756903979354
2025-04-06 13:42:49,121.43943880490818
2025-04-06 13:42:49,167.37503426185683
2025-04-06 13:42:49,181.40676734907876
2025-04-06 13:42:49,193.45814205212366
2025-04-06 13:42:49,307.4804845810901
2025-04-06 13:42:49,274.35716036256713
2025-04-06 13:42:49,88.71704961115343
2025-04-06 13:42:49,329.08466845115726
2025-04-06 13:42:49,215.96541107686602
2025-04-06 13:42:49,278.85656644005076
2025-04-06 13:42:49,114.46620307975252
2025-04-06 13:42:49,280.5289919394155
2025-04-06 13:42:49,94.14815055269408
2025-04-06 13:42:49,229.5483219268202
2025-04-06 13:42:49,331.81171102733407
2025-04-06 13:42:49,283.2181849230544
2025-04-06 13:42:49,118.80720545507474
2025-04-06 13:42:49,313.88925917893687
2025-04-06 13:42:49,130.14663918224903
2025-04-06 13:42:49,107.95086467762124
2025-04-06 13:42:49,141.29391694449637
2025-04-06 13:42:49,188.66896254990462
2025-04-06 13:42:49,177.6870289787327
2025-04-06 13:42:49,349.87374426317336
2025-04-06 13:42:49,245.88219238523948
2025-04-06 13:42:49,252.37626117639707
2025-04-06 13:42:49,91.30431513935383
2025-04-06 13:42:49,177.1126009727064
2025-04-06 13:42:49,106.77606819889537
2025-04-06 13:42:49,339.40607254962305
2025-04-06 13:42:49,120.24117897664455
2025-04-06 13:42:49,249.1395996902031
2025-04-06 13:42:49,287.7501371454704
2025-04-06 13:42:49,312.1313771144785
2025-04-06 13:42:49,109.53846546187226
2025-04-06 13:42:49,171.09640503514476
2025-04-06 13:42:49,353.6199079835935
2025-04-06 13:42:49,255.53953341806798
2025-04-06 13:42:49,290.2832776987916
2025-04-06 13:42:49,278.9403770767058
2025-04-06 13:42:49,239.21081354302427
2025-04-06 13:42:49,171.9286078387397
2025-04-06 13:42:49,274.7291969181347
2025-04-06 13:42:49,326.24564625344567
2025-04-06 13:42:49,252.4345597762335
2025-04-06 13:42:49,209.51277053062717
2025-04-06 13:42:49,106.69896934054631
2025-04-06 13:42:49,278.05624753375696
2025-04-06 13:42:49,121.55703429240151
2025-04-06 13:42:49,127.00025122341302
2025-04-06 13:42:49,272.3609606823527
2025-04-06 13:42:49,285.38378875569924
2025-04-06 13:42:49,233.87877594978758
2025-04-06 13:42:49,139.62885581829374
2025-04-06 13:42:49,147.25628395654417
2025-04-06 13:42:49,108.19592609757703
2025-04-06 13:42:49,169.52509478202714
2025-04-06 13:42:49,114.30530050113038
2025-04-06 13:42:49,180.09829943477325
2025-04-06 13:42:49,310.9193436190502
2025-04-06 13:42:49,166.39074569606984
2025-04-06 13:42:49,211.29562009247675
2025-04-06 13:42:49,284.5406641172577
2025-04-06 13:42:49,144.89219573060464
2025-04-06 13:42:49,282.48350519879546
2025-04-06 13:42:49,355.76968199462067
2025-04-06 13:42:49,251.86329502165233
2025-04-06 13:42:49,215.8502179526119
2025-04-06 13:42:49,256.61048778995536
2025-04-06 13:42:49,197.2834906541982
2025-04-06 13:42:49,103.05530026619591
2025-04-06 13:42:49,151.70729760364793
2025-04-06 13:42:49,186.0552215636702
2025-04-06 13:42:49,252.48247863077256
2025-04-06 13:42:49,321.711205241823
2025-04-06 13:42:49,153.09843507541385
2025-04-06 13:42:49,285.5279984002568
2025-04-06 13:42:49,234.0612667974288
2025-04-06 13:42:49,258.72842315727587
2025-04-06 13:42:49,280.7813581868229
2025-04-06 13:42:49,256.90813510077714
2025-04-06 13:42:49,219.23056665731363
2025-04-06 13:42:49,319.5737043593225
2025-04-06 13:42:49,168.24710589546595
2025-04-06 13:42:49,198.3548568267675
2025-04-06 13:42:49,294.8974567587675
2025-04-06 13:42:49,215.53527525327488
2025-04-06 13:42:49,179.9755411122551
2025-04-06 13:42:49,262.90267718231985
2025-04-06 13:42:49,286.8406180844495
2025-04-06 13:42:49,151.43190575610714
2025-04-06 13:42:49,317.12372290710147
2025-04-06 13:42:49,293.20729112201786
2025-04-06 13:42:49,286.91597880013967
2025-04-06 13:42:49,315.6347449138106
2025-04-06 13:42:49,152.43289107623576
2025-04-06 13:42:49,320.5906861551671
2025-04-06 13:42:49,127.51323368444791
2025-04-06 13:42:49,275.1391709797862
2025-04-06 13:42:49,134.2475932738053
2025-04-06 13:42:49,339.88207185991314
2025-04-06 13:42:49,263.2125575003008
2025-04-06 13:42:49,132.73153388854243
2025-04-06 13:42:49,331.7841349437068
2025-04-06 13:42:49,331.40889450250427
2025-04-06 13:42:49,102.50958255770729
2025-04-06 13:42:49,192.03437537729332
2025-04-06 13:42:49,211.2017277730987
2025-04-06 13:42:49,296.89414737602766
2025-04-06 13:42:49,305.47377975246445
2025-04-06 13:42:49,198.26113022396726
2025-04-06 13:42:49,256.68224289490314
2025-04-06 13:42:49,248.8307950155749
2025-04-06 13:42:49,166.48052197494957
2025-04-06 13:42:49,320.1549005448159
2025-04-06 13:42:49,292.16421451183555
2025-04-06 13:42:49,351.769726596331
2025-04-06 13:42:49,358.5131656835326
2025-04-06 13:42:49,194.95052424978763
2025-04-06 13:42:49,180.58127134501945
2025-04-06 13:42:49,322.45852894932045
2025-04-06 13:42:49,266.04665364365974
2025-04-06 13:42:49,354.86087904123883
2025-04-06 13:42:49,305.0784372097042
2025-04-06 13:42:49,148.46353537787058
2025-04-06 13:42:49,269.3430157508684
2025-04-06 13:42:49,272.59749032247913
2025-04-06 13:42:49,155.58572270592737
2025-04-06 13:42:49,321.15409872986606
2025-04-06 13:42:49,100.71388716406233
2025-04-06 13:42:49,146.1442684215531
2025-04-06 13:42:49,104.27087632406712
2025-04-06 13:42:49,134.28282006769152
2025-04-06 13:42:49,169.54091219102304
2025-04-06 13:42:49,301.7073522278723
2025-04-06 13:42:49,305.32223163455853
2025-04-06 13:42:49,237.57088130544201
2025-04-06 13:42:49,267.64114433317263
2025-04-06 13:42:49,97.3397880477274
2025-04-06 13:42:49,290.74802769312384
2025-04-06 13:42:49,304.71494442188674
2025-04-06 13:42:49,267.67121200875295
2025-04-06 13:42:49,283.91692601008253
2025-04-06 13:42:49,159.73773318224198
2025-04-06 13:42:49,119.15305233435654
2025-04-06 13:42:49,213.04950298369857
2025-04-06 13:42:49,276.1038900139484
2025-04-06 13:42:49,323.7076687607302
2025-04-06 13:42:49,338.3027466085332
2025-04-06 13:42:49,356.77599922220736
2025-04-06 13:42:49,149.37583508154592
2025-04-06 13:42:49,139.18268767413517
2025-04-06 13:42:49,236.2906622717553
2025-04-06 13:42:49,318.0120828426807
2025-04-06 13:42:49,308.63026812379775
2025-04-06 13:42:49,90.19998049147847
2025-04-06 13:42:49,291.08788064494104
2025-04-06 13:42:49,314.7009120646593
2025-04-06 13:42:49,352.3434124553831
2025-04-06 13:42:49,279.20438131930695
2025-04-06 13:42:49,215.07294815483746
2025-04-06 13:42:49,194.04408403247987
2025-04-06 13:42:49,286.75418867788756
2025-04-06 13:42:49,125.12652509036059
2025-04-06 13:42:49,156.3439497811909
2025-04-06 13:42:49,231.31097123728793
2025-04-06 13:42:49,106.9849069393347
2025-04-06 13:42:49,351.79784220836785
2025-04-06 13:42:49,317.25741664089014
2025-04-06 13:42:49,350.1098981251764
2025-04-06 13:42:49,201.749263100399
2025-04-06 13:42:49,332.5156047051588
2025-04-06 13:42:49,89.85611930908408
2025-04-06 13:42:49,220.59915117351383
2025-04-06 13:42:49,88.42491298920514
2025-04-06 13:42:49,279.57280020913265
2025-04-06 13:42:49,118.28638200478419
2025-04-06 13:42:49,175.94260226778525
2025-04-06 13:42:49,129.7334366973925
2025-04-06 13:42:49,286.44235066825047
2025-04-06 13:42:49,295.36810868288035
2025-04-06 13:42:49,356.0427135832807
2025-04-06 13:42:49,350.1288176155532
2025-04-06 13:42:49,197.80075229515376
2025-04-06 13:42:49,295.2111685111157
2025-04-06 13:42:49,160.53916878757272
2025-04-06 13:42:49,341.4371106381218
2025-04-06 13:42:49,213.45322519081475
2025-04-06 13:42:49,109.04489219055155
2025-04-06 13:42:49,270.9403901730583
2025-04-06 13:42:49,238.8648443525449
2025-04-06 13:42:49,192.27945890757064
2025-04-06 13:42:49,294.7511058357263
2025-04-06 13:42:49,287.20786573225666
2025-04-06 13:42:49,229.91140470103275
2025-04-06 13:42:49,199.50620477662565
2025-04-06 13:42:49,183.98683286439282
2025-04-06 13:42:49,305.0811582103423
2025-04-06 13:42:49,165.2542093613913
2025-04-06 13:42:49,240.71546987310404
2025-04-06 13:42:49,103.72875777158974
2025-04-06 13:42:49,119.47010969540565
2025-04-06 13:42:49,299.6208074226206
2025-04-06 13:42:49,280.13846444528934
2025-04-06 13:42:49,219.14527750931813
2025-04-06 13:42:49,236.79027541120442
2025-04-06 13:42:49,182.07235551012377
2025-04-06 13:42:49,319.17036525218305
2025-04-06 13:42:49,220.75882879228683
2025-04-06 13:42:49,305.4062719498088
2025-04-06 13:42:49,224.5345157139943
2025-04-06 13:42:49,112.3755823007898
2025-04-06 13:42:49,110.97666976347487
2025-04-06 13:42:49,285.555376418625
2025-04-06 13:42:49,343.83706427041403
2025-04-06 13:42:49,186.53763915600655
2025-04-06 13:42:49,258.8949272098275
2025-04-06 13:42:49,303.8523467139371
2025-04-06 13:42:49,314.92029738314375
2025-04-06 13:42:49,154.78605852086116
2025-04-06 13:42:49,192.60197177151667
2025-04-06 13:42:49,113.30032641645522
2025-04-06 13:42:49,298.7127638073926
2025-04-06 13:42:49,185.69266649018894
2025-04-06 13:42:49,137.01193397455262
2025-04-06 13:42:49,220.51617623786737
2025-04-06 13:42:49,318.85154690113325
2025-04-06 13:42:49,350.7391410053269
2025-04-06 13:42:49,257.3650483009921
2025-04-06 13:42:49,247.97647055358016
2025-04-06 13:42:49,332.90678769080665
2025-04-06 13:42:49,218.6609136163261
2025-04-06 13:42:49,92.90518532318808
2025-04-06 13:42:49,203.19764854225994
2025-04-06 13:42:49,145.5721957364851
2025-04-06 13:42:49,222.04907907166785
2025-04-06 13:42:49,217.5512606997421
2025-04-06 13:42:49,160.83055245744652
2025-04-06 13:42:49,193.9354967509277
2025-04-06 13:42:49,302.7622269196886
2025-04-06 13:42:49,230.80999527956067
2025-04-06 13:42:49,273.67341125042776
2025-04-06 13:42:49,242.41976841882396
2025-04-06 13:42:49,359.55764886295367
2025-04-06 13:42:49,105.32495386817173
2025-04-06 13:42:49,221.14217545098344
2025-04-06 13:42:49,208.69489029491453
2025-04-06 13:42:49,353.06927673812623
2025-04-06 13:42:49,130.85131760301581
2025-04-06 13:42:49,302.76797900592766
2025-04-06 13:42:49,227.23010038792953
2025-04-06 13:42:49,247.56710293596123
2025-04-06 13:42:49,292.1711637689086
2025-04-06 13:42:49,100.14608204504766
2025-04-06 13:42:49,305.56981734742664
2025-04-06 13:42:49,198.0088963562607
2025-04-06 13:42:49,111.91006056814936
2025-04-06 13:42:49,157.13697077202133
2025-04-06 13:42:49,348.4349781148935
2025-04-06 13:42:49,205.8498255915448
2025-04-06 13:42:49,352.154892057864
2025-04-06 13:42:49,136.89257035825207
2025-04-06 13:42:49,158.03617501949685
2025-04-06 13:42:49,325.34805254136927
2025-04-06 13:42:49,148.70737732691498
2025-04-06 13:42:49,126.73031478760296
2025-04-06 13:42:49,173.56874968155446
2025-04-06 13:42:49,264.69092865107035
2025-04-06 13:42:49,350.5506527238134
2025-04-06 13:42:49,301.9077520940516
2025-04-06 13:42:49,269.33636206289714
2025-04-06 13:42:49,226.2640212624776
2025-04-06 13:42:49,227.21041592999603
2025-04-06 13:42:49,249.91324437703085
2025-04-06 13:42:49,299.83497557947726
2025-04-06 13:42:49,348.8709798305707
2025-04-06 13:42:49,332.5551849531405
2025-04-06 13:42:49,173.62740448268283
2025-04-06 13:42:49,185.7841835609937
2025-04-06 13:42:49,238.53571727621
2025-04-06 13:42:49,198.8786767370836
2025-04-06 13:42:49,247.6362821100892
2025-04-06 13:42:49,153.8933441764591
2025-04-06 13:42:49,325.1662822126326
2025-04-06 13:42:49,269.49409212258973
2025-04-06 13:42:49,251.56261871577559
2025-04-06 13:42:49,234.7754661895731
2025-04-06 13:42:49,93.82163935820171
2025-04-06 13:42:49,311.0143510772789
2025-04-06 13:42:49,152.2673442321646
2025-04-06 13:42:49,262.6413533295439
2025-04-06 13:42:49,320.95072507733715
2025-04-06 13:42:49,93.17517375188146
2025-04-06 13:42:49,147.10628368596434
2025-04-06 13:42:49,217.93775257844712
2025-04-06 13:42:49,320.40872668666475
2025-04-06 13:42:49,280.33344231234446
2025-04-06 13:42:49,105.55650778040646
2025-04-06 13:42:49,272.39971457080776
2025-04-06 13:42:49,298.51072232421205
2025-04-06 13:42:49,234.24015833477
2025-04-06 13:42:49,134.3169188153455
2025-04-06 13:42:49,121.38677246857056
2025-04-06 13:42:49,133.5969002356467
2025-04-06 13:42:49,263.38102737679765
2025-04-06 13:42:49,186.6440815274469
2025-04-06 13:42:49,194.88870810105612
2025-04-06 13:42:49,354.081838448133
2025-04-06 13:42:49,180.9559953521724
2025-04-06 13:42:49,156.67468705111918
2025-04-06 13:42:49,175.85746624171952
2025-04-06 13:42:49,102.24175255825179
2025-04-06 13:42:49,285.9421578271123
2025-04-06 13:42:49,256.7554794900375
2025-04-06 13:42:49,310.99620726275543
2025-04-06 13:42:49,277.1396596552688
2025-04-06 13:42:49,241.30631357987647
2025-04-06 13:42:49,137.1428030716699
2025-04-06 13:42:49,248.67976691193144
2025-04-06 13:42:49,215.00877087266576
2025-04-06 13:42:49,180.7454624621106
2025-04-06 13:42:49,304.998789980076
2025-04-06 13:42:49,292.55949249414994
2025-04-06 13:42:49,287.99012485238563
2025-04-06 13:42:49,291.26675693720046
2025-04-06 13:42:49,225.14911232996195
2025-04-06 13:42:49,88.05292230514792
2025-04-06 13:42:49,111.357131305308
2025-04-06 13:42:49,304.35263236687246
2025-04-06 13:42:49,110.40457061604671
2025-04-06 13:42:49,202.0667796611109
2025-04-06 13:42:49,244.27643402063916
2025-04-06 13:42:49,321.6815629047394
2025-04-06 13:42:49,311.7875972060614
2025-04-06 13:42:49,98.47700688756173
2025-04-06 13:42:49,137.50587481826926
2025-04-06 13:42:49,185.17542834088545
2025-04-06 13:42:49,350.73033662154467
2025-04-06 13:42:49,182.29850310510625
2025-04-06 13:42:49,231.16928076278208
2025-04-06 13:42:49,115.65834838400028
2025-04-06 13:42:49,207.95262357166348
2025-04-06 13:42:49,252.19769098547383
2025-04-06 13:42:49,294.292299675536
2025-04-06 13:42:49,113.52090747814816
2025-04-06 13:42:49,174.9632860631446
2025-04-06 13:42:49,199.60237653905108
2025-04-06 13:42:49,111.62671039689208
2025-04-06 13:42:49,205.62305740656385
2025-04-06 13:42:49,276.21707984677295
2025-04-06 13:42:49,176.24188491743556
2025-04-06 13:42:49,295.91262106232534
2025-04-06 13:42:49,313.8474541835596
2025-04-06 13:42:49,307.2583057583838
2025-04-06 13:42:49,340.94886744196674
2025-04-06 13:42:49,192.63569315836884
2025-04-06 13:42:49,128.08067408998534
2025-04-06 13:42:49,307.4769267685373
2025-04-06 13:42:49,285.51987000776273
2025-04-06 13:42:49,106.70068817717552
2025-04-06 13:42:49,214.0617727683284
2025-04-06 13:42:49,168.66208318501143
2025-04-06 13:42:49,138.93101038031074
2025-04-06 13:42:49,191.8303588799073
2025-04-06 13:42:49,248.17486178087066
2025-04-06 13:42:49,292.4398931878294
2025-04-06 13:42:49,210.4279700773165
2025-04-06 13:42:49,135.67403653389243
2025-04-06 13:42:49,220.09129752224035
2025-04-06 13:42:49,235.3795755599888
2025-04-06 13:42:49,127.57086075263166
2025-04-06 13:42:49,267.678656333845
2025-04-06 13:42:49,227.3627290670859
2025-04-06 13:42:49,122.83622670180273
2025-04-06 13:42:49,278.1268853878203
2025-04-06 13:42:49,88.35496631257553
2025-04-06 13:42:49,312.2830233054444
2025-04-06 13:42:49,211.97998750068774
2025-04-06 13:42:49,211.17467499684653
2025-04-06 13:42:49,315.3916402007922
2025-04-06 13:42:49,274.21314723923064
2025-04-06 13:42:49,113.6754648587292
2025-04-06 13:42:49,197.06165323107496
2025-04-06 13:42:49,319.2183025813165
2025-04-06 13:42:49,355.1776418661591
2025-04-06 13:42:49,299.95542084744693
2025-04-06 13:42:49,355.37047187637097
2025-04-06 13:42:49,98.32223266090568
2025-04-06 13:42:49,220.00203189745332
2025-04-06 13:42:49,204.77836953194821
2025-04-06 13:42:49,129.34162307780372
2025-04-06 13:42:49,273.5693456326102
2025-04-06 13:42:49,343.0901578735174
2025-04-06 13:42:49,88.60345732940272
2025-04-06 13:42:49,136.94210261045302
2025-04-06 13:42:49,137.9331995341474
2025-04-06 13:42:49,104.0089972563602
2025-04-06 13:42:49,213.294697528342
2025-04-06 13:42:49,130.49378005716858
2025-04-06 13:42:49,242.106396954257
2025-04-06 13:42:49,90.81003664654915
2025-04-06 13:42:49,268.67574070878607
2025-04-06 13:42:49,333.1597185392047
2025-04-06 13:42:49,298.58856789283925
2025-04-06 13:42:49,167.454563824326
2025-04-06 13:42:49,316.90043701600916
2025-04-06 13:42:49,355.5199528480102
2025-04-06 13:42:49,184.90778678063828
2025-04-06 13:42:49,225.24450010925156
2025-04-06 13:42:49,273.7702776207558
2025-04-06 13:42:49,117.83193946138245
2025-04-06 13:42:49,87.75229857044744
2025-04-06 13:42:49,122.13543632895002
2025-04-06 13:42:49,221.04900423251237
2025-04-06 13:42:49,127.60863043152077
2025-04-06 13:42:49,303.2141415427085
2025-04-06 13:42:49,122.67064051169879
2025-04-06 13:42:49,103.5223399684572
2025-04-06 13:42:49,120.29370616369414
2025-04-06 13:42:49,205.051072152292
2025-04-06 13:42:49,117.64391287890308
2025-04-06 13:42:49,279.23086848165894
2025-04-06 13:42:49,131.91975378667863
2025-04-06 13:42:49,262.4493419267066
2025-04-06 13:42:49,188.9209144657312
2025-04-06 13:42:49,230.75690820096426
2025-04-06 13:42:49,238.04282355930138
2025-04-06 13:42:49,219.71030896390465
2025-04-06 13:42:49,268.9454962912139
2025-04-06 13:42:49,164.9292435411725
2025-04-06 13:42:49,198.50058341500346
2025-04-06 13:42:49,172.93316537647019
2025-04-06 13:42:49,139.38144239371138
2025-04-06 13:42:49,99.69021459179298
2025-04-06 13:42:49,128.49670303037823
2025-04-06 13:42:49,192.56525031431852
2025-04-06 13:42:49,125.72291017975239
2025-04-06 13:42:49,299.0289253229788
2025-04-06 13:42:49,154.86221722605467
2025-04-06 13:42:49,354.019512222498
2025-04-06 13:42:49,327.28930858265005
2025-04-06 13:42:49,332.30425454242845
2025-04-06 13:42:49,290.4150484481253
2025-04-06 13:42:49,315.6592833199942
2025-04-06 13:42:49,244.03441366074392
2025-04-06 13:42:49,168.33081875872284
2025-04-06 13:42:49,121.42229394016191
2025-04-06 13:42:49,348.2399232183041
2025-04-06 13:42:49,186.56269142982228
2025-04-06 13:42:49,234.76231561798662
2025-04-06 13:42:49,197.29471665383352
2025-04-06 13:42:49,110.2983000465372
2025-04-06 13:42:49,254.8838233024324
2025-04-06 13:42:49,110.74620823466162
2025-04-06 13:42:49,140.5099068804643
2025-04-06 13:42:49,159.16631839152814
2025-04-06 13:42:49,134.61180653845426
2025-04-06 13:42:49,342.75148818822316
2025-04-06 13:42:49,152.8785292901676
2025-04-06 13:42:49,221.85292207413298
2025-04-06 13:42:49,266.75701209566455
2025-04-06 13:42:49,308.0969948112578
2025-04-06 13:42:49,176.136495098137
2025-04-06 13:42:49,335.24800797257956
2025-04-06 13:42:49,284.7060824943163
2025-04-06 13:42:49,296.80875333929055
2025-04-06 13:42:49,156.05770279074414
2025-04-06 13:42:49,204.90791080083906
2025-04-06 13:42:49,296.40756542536633
2025-04-06 13:42:49,105.43756565411158
2025-04-06 13:42:49,129.01489215381065
2025-04-06 13:42:49,125.86969264671743
2025-04-06 13:42:49,312.573127121327
2025-04-06 13:42:49,107.05296302284842
2025-04-06 13:42:49,116.9101278506351
2025-04-06 13:42:49,159.70992424173085
2025-04-06 13:42:49,226.0760878511532
2025-04-06 13:42:49,259.3057106035682
2025-04-06 13:42:49,222.12909827348912
2025-04-06 13:42:49,132.14005631786168
2025-04-06 13:42:49,206.7038514093873
2025-04-06 13:42:49,309.47641027355485
2025-04-06 13:42:49,178.05268154421304
2025-04-06 13:42:49,291.8080101862118
2025-04-06 13:42:49,280.65480583518786
2025-04-06 13:42:49,307.537143351123
2025-04-06 13:42:49,224.17774330080428
2025-04-06 13:42:49,199.66214123090987
2025-04-06 13:42:49,133.17979287517187
2025-04-06 13:42:49,277.92803295548515
2025-04-06 13:42:49,337.4170298409683
2025-04-06 13:42:49,160.01950222092722
2025-04-06 13:42:49,227.09780975354616
2025-04-06 13:42:49,197.17882081109792
2025-04-06 13:42:49,105.69505393464387
2025-04-06 13:42:49,254.16757057835403
2025-04-06 13:42:49,216.06220247044087
2025-04-06 13:42:49,276.47800327258267
2025-04-06 13:42:49,184.14129641823192
2025-04-06 13:42:49,249.13616053206383
2025-04-06 13:42:49,267.20424219126505
2025-04-06 13:42:49,256.4600472894623
2025-04-06 13:42:49,284.9376546065821
2025-04-06 13:42:49,199.5885946045154
2025-04-06 13:42:49,295.0875780677822
2025-04-06 13:42:49,231.10065210589224
2025-04-06 13:42:49,299.71409702133496
2025-04-06 13:42:49,144.695736838371
2025-04-06 13:42:49,305.9603054555697
2025-04-06 13:42:49,274.40830715858056
2025-04-06 13:42:49,184.73434274361801
2025-04-06 13:42:49,96.780041815196
2025-04-06 13:42:49,253.8484815627835
2025-04-06 13:42:49,130.23372063881357
2025-04-06 13:42:49,244.70865709098004
2025-04-06 13:42:49,243.77807623928283
2025-04-06 13:42:49,158.91412163295695
2025-04-06 13:42:49,217.49412931427216
2025-04-06 13:42:49,206.52967015290008
2025-04-06 13:42:49,225.36865186096543
2025-04-06 13:42:49,210.43005695289304
2025-04-06 13:42:49,208.1194334180456
2025-04-06 13:42:49,103.0477333126311
2025-04-06 13:42:49,321.6924101578784
2025-04-06 13:42:49,278.31759541190667
2025-04-06 13:42:49,87.82031047114984
2025-04-06 13:42:49,259.3528550992566
2025-04-06 13:42:49,189.0778292243775
2025-04-06 13:42:49,149.37899772616743
2025-04-06 13:42:49,88.84968421219871
2025-04-06 13:42:49,320.3462391231885
2025-04-06 13:42:49,306.8104555460746
2025-04-06 13:42:49,179.49227347965214
2025-04-06 13:42:49,122.37798392104429
2025-04-06 13:42:49,112.13868740198026
2025-04-06 13:42:49,346.1251685874185
2025-04-06 13:42:49,140.19590979403645
2025-04-06 13:42:49,330.8177860197052
2025-04-06 13:42:49,335.05928407656637
2025-04-06 13:42:49,355.1409981600138
2025-04-06 13:42:49,225.86527678723002
2025-04-06 13:42:49,221.63082867492471
2025-04-06 13:42:49,189.23736665329983
2025-04-06 13:42:49,346.9581513313321
2025-04-06 13:42:49,250.85193225177434
2025-04-06 13:42:49,147.11574920658524
2025-04-06 13:42:49,311.2199539760078
2025-04-06 13:42:49,341.65238244307307
2025-04-06 13:42:49,259.4025240569873
2025-04-06 13:42:49,287.9867997867744
2025-04-06 13:42:49,202.19205215900317
2025-04-06 13:42:49,247.8907606263011
2025-04-06 13:42:49,349.8699562140587
2025-04-06 13:42:49,178.11550701074614
2025-04-06 13:42:49,351.7139941124696
2025-04-06 13:42:49,266.982789237505
2025-04-06 13:42:49,126.95099690534838
2025-04-06 13:42:49,107.55045458513959
2025-04-06 13:42:49,349.90544473907727
2025-04-06 13:42:49,208.03941543638578
2025-04-06 13:42:49,182.2761873245123
2025-04-06 13:42:49,163.47783559723797
2025-04-06 13:42:49,195.93900126836172
2025-04-06 13:42:49,253.785223779603
2025-04-06 13:42:49,298.3991827384582
2025-04-06 13:42:49,164.77349700743997
2025-04-06 13:42:49,115.95855519285486
2025-04-06 13:42:49,151.51273204569117
2025-04-06 13:42:49,223.61198514156115
2025-04-06 13:42:49,305.28882323256187
2025-04-06 13:42:49,248.7705656137234
2025-04-06 13:42:49,252.06224835707403
2025-04-06 13:42:49,151.05024130590556
2025-04-06 13:42:49,346.2470901324004
2025-04-06 13:42:49,157.87519129519066
2025-04-06 13:42:49,194.7157824057281
2025-04-06 13:42:49,306.99753728091304
2025-04-06 13:42:49,222.9952999382332
2025-04-06 13:42:49,274.78442446698074
2025-04-06 13:42:49,256.89577230165344
2025-04-06 13:42:49,216.55073927503994
2025-04-06 13:42:49,259.0013774612309
2025-04-06 13:42:49,306.3475315173705
2025-04-06 13:42:49,275.3979198929339
2025-04-06 13:42:49,214.21461139334707
2025-04-06 13:42:49,115.49837632259079
2025-04-06 13:42:49,339.3246222614779
2025-04-06 13:42:49,139.29589089137633
2025-04-06 13:42:49,333.62469803078716
2025-04-06 13:42:49,255.01217247833705
2025-04-06 13:42:49,127.59250635574567
2025-04-06 13:42:49,348.0250850005595
2025-04-06 13:42:49,252.49146601657583
2025-04-06 13:42:49,229.28212305099478
2025-04-06 13:42:49,270.9003261598044
2025-04-06 13:42:49,209.16731871828023
2025-04-06 13:42:49,122.63078314622481
2025-04-06 13:42:49,235.16175945316033
2025-04-06 13:42:49,276.43341427024933
2025-04-06 13:42:49,124.79379485340297
2025-04-06 13:42:49,185.7350073104322
2025-04-06 13:42:49,151.5051658369831
2025-04-06 13:42:49,218.33407776714793
2025-04-06 13:42:49,256.86520652777943
2025-04-06 13:42:49,249.15737543649377
2025-04-06 13:42:49,166.76741386092777
2025-04-06 13:42:49,114.96809424182055
2025-04-06 13:42:49,261.9072438955035
2025-04-06 13:42:49,356.26148381853056
2025-04-06 13:42:49,333.98697920558465
2025-04-06 13:42:49,182.45994183459646
2025-04-06 13:42:49,89.97857329500128
2025-04-06 13:42:49,184.03696944860496
2025-04-06 13:42:49,183.9083454205978
2025-04-06 13:42:49,212.67941675996966
2025-04-06 13:42:49,260.48497181816674
2025-04-06 13:42:49,292.828778541329
2025-04-06 13:42:49,231.8750030957305
2025-04-06 13:42:49,185.5152633469366
2025-04-06 13:42:49,95.73557083397662
2025-04-06 13:42:49,145.28228295022254
2025-04-06 13:42:49,256.9734545938851
2025-04-06 13:42:49,117.77508530169906
2025-04-06 13:42:49,199.69524674830976
2025-04-06 13:42:49,312.0594954139218
2025-04-06 13:42:49,275.02365923851966
2025-04-06 13:42:49,127.55620100672142
2025-04-06 13:42:49,298.23603218377485
2025-04-06 13:42:49,311.83326442563407
2025-04-06 13:42:49,229.60497315128063
2025-04-06 13:42:49,329.71918163769124
2025-04-06 13:42:49,241.4317806191561
2025-04-06 13:42:49,148.71522944230654
2025-04-06 13:42:49,150.9956328307927
2025-04-06 13:42:49,190.57807096186264
2025-04-06 13:42:49,333.2656213404755
2025-04-06 13:42:49,352.4534740553201
2025-04-06 13:42:49,204.8325989607784
2025-04-06 13:42:49,136.65541902950872
2025-04-06 13:42:49,326.13963681461075
2025-04-06 13:42:49,344.1699702159939
2025-04-06 13:42:49,287.06837190064175
2025-04-06 13:42:49,163.1935574114192
2025-04-06 13:42:49,296.8446680297135
2025-04-06 13:42:49,195.29018869527278
2025-04-06 13:42:49,230.19847442038648
2025-04-06 13:42:49,266.17192384150997
2025-04-06 13:42:49,342.8995227331653
2025-04-06 13:42:49,263.811074318636
2025-04-06 13:42:49,357.0378997413964
2025-04-06 13:42:49,279.95220988041524
2025-04-06 13:42:49,328.9745051684164
2025-04-06 13:42:49,156.97220682839782
2025-04-06 13:42:49,104.53593154944136
2025-04-06 13:42:49,215.1691580668702
2025-04-06 13:42:49,216.35090414598173
2025-04-06 13:42:49,326.01057162470414
2025-04-06 13:42:49,159.08162406597805
2025-04-06 13:42:49,164.3174966332448
2025-04-06 13:42:49,301.981752728825
2025-04-06 13:42:49,174.57538654513633
2025-04-06 13:42:49,224.51722299945533
2025-04-06 13:42:49,292.7263168752232
2025-04-06 13:42:49,322.5332486695996
2025-04-06 13:42:49,345.032731029691
2025-04-06 13:42:49,277.1217176461433
2025-04-06 13:42:49,191.82671568580244
2025-04-06 13:42:49,204.49545548790047
2025-04-06 13:42:49,351.9123873990988
2025-04-06 13:42:49,141.12786436241893
2025-04-06 13:42:49,197.88191958151907
2025-04-06 13:42:49,239.42159374395476
2025-04-06 13:42:49,250.11336297943535
2025-04-06 13:42:49,140.98059097040243
2025-04-06 13:42:49,191.9659776681999
2025-04-06 13:42:49,126.11474416145947
2025-04-06 13:42:49,149.51244362846398
2025-04-06 13:42:49,318.32007195135094
2025-04-06 13:42:49,288.46363450204365
2025-04-06 13:42:49,226.68815456117514
2025-04-06 13:42:49,250.42521946354455
2025-04-06 13:42:49,199.88647381570834
2025-04-06 13:42:49,353.5618576494671
2025-04-06 13:42:49,105.78534046031152
2025-04-06 13:42:49,338.19197867321054
2025-04-06 13:42:49,273.7013365656137
2025-04-06 13:42:49,117.80679802916875
2025-04-06 13:42:49,210.5317023700581
2025-04-06 13:42:49,193.50552259771808
2025-04-06 13:42:49,149.27692943216528
2025-04-06 13:42:49,274.97551880150127
2025-04-06 13:42:49,210.27071061971537
2025-04-06 13:42:49,90.49039629218012
2025-04-06 13:42:49,174.90533233486912
2025-04-06 13:42:49,326.64913204466507
2025-04-06 13:42:49,138.30094856850718
2025-04-06 13:42:49,286.2721653115333
2025-04-06 13:42:49,160.33958885231556
2025-04-06 13:42:49,128.62135373630122
2025-04-06 13:42:49,94.04610409668456
2025-04-06 13:42:49,263.09674151161175
2025-04-06 13:42:49,179.39416295855654
2025-04-06 13:42:49,262.24107430302354
2025-04-06 13:42:49,203.06838644987934
2025-04-06 13:42:49,241.6359232132595
2025-04-06 13:42:49,184.94348926337494
2025-04-06 13:42:49,88.46848172490651
2025-04-06 13:42:49,230.86237610502954
2025-04-06 13:42:49,337.9127636923706
2025-04-06 13:42:49,339.6524025018624
2025-04-06 13:42:49,186.51702303197055
2025-04-06 13:42:49,91.43354279279195
2025-04-06 13:42:49,352.2209995191151
2025-04-06 13:42:49,93.87777936801436
2025-04-06 13:42:49,265.1935857874595
2025-04-06 13:42:49,123.6523485225062
2025-04-06 13:42:49,259.724669909031
2025-04-06 13:42:49,105.96651457661197
2025-04-06 13:42:49,134.85225281106656
2025-04-06 13:42:49,185.42731335404707
2025-04-06 13:42:49,260.8679614762374
2025-04-06 13:42:49,256.18390399432457
2025-04-06 13:42:49,229.36574176968458
2025-04-06 13:42:49,268.635801108161
2025-04-06 13:42:49,222.59354346858171
2025-04-06 13:42:49,295.4521764958559
2025-04-06 13:42:49,145.01395170753835
2025-04-06 13:42:49,188.88715391348893
2025-04-06 13:42:49,183.1108585684489
2025-04-06 13:42:49,92.04571699724981
2025-04-06 13:42:49,127.72712394884627
2025-04-06 13:42:49,309.3468433855992
2025-04-06 13:42:49,264.47850513004505
2025-04-06 13:42:49,225.77861040819346
2025-04-06 13:42:49,346.92222769496806
2025-04-06 13:42:49,250.11829824100832
2025-04-06 13:42:49,300.66493963115994
2025-04-06 13:42:49,341.12080105709254
2025-04-06 13:42:49,232.04330398587635
2025-04-06 13:42:49,352.9391363523191
2025-04-06 13:42:49,280.4498378243129
2025-04-06 13:42:49,217.1681848206913
2025-04-06 13:42:49,192.7206710586356
2025-04-06 13:42:49,149.5918073216585
2025-04-06 13:42:49,310.13569548546513
2025-04-06 13:42:49,233.7102335211144
2025-04-06 13:42:49,212.8517779078291
2025-04-06 13:42:49,217.70991971704217
2025-04-06 13:42:49,218.56630684974033
2025-04-06 13:42:49,319.4756718228158
2025-04-06 13:42:49,171.86653378709315
2025-04-06 13:42:49,152.3043656615275
2025-04-06 13:42:49,122.23379895347821
2025-04-06 13:42:49,274.8396464388801
2025-04-06 13:42:49,290.7794752322236
2025-04-06 13:42:49,181.68156900100698
2025-04-06 13:42:49,326.8938147256514
2025-04-06 13:42:49,335.94657369129004
2025-04-06 13:42:49,185.7625186569114
2025-04-06 13:42:49,111.37594213746235
2025-04-06 13:42:49,260.1020999325376
2025-04-06 13:42:49,227.8811057162087
2025-04-06 13:42:49,128.32347498394262
2025-04-06 13:42:49,224.20441619491
2025-04-06 13:42:49,337.08250484354187
2025-04-06 13:42:49,231.62277125101045
2025-04-06 13:42:49,156.76908439500357
2025-04-06 13:42:49,176.96253432200206
2025-04-06 13:42:49,307.50552361009863
2025-04-06 13:42:49,323.4028007500699
2025-04-06 13:42:49,141.54973997736357
2025-04-06 13:42:49,308.2138686231797
2025-04-06 13:42:49,181.008736406759
2025-04-06 13:42:49,225.47597835122315
2025-04-06 13:42:49,120.66566580383338
2025-04-06 13:42:49,218.11963708337777
2025-04-06 13:42:49,150.81748665189383
2025-04-06 13:42:49,241.30060010964252
2025-04-06 13:42:49,281.4304786580403
2025-04-06 13:42:49,264.2326440884328
2025-04-06 13:42:49,276.53297098838686
2025-04-06 13:42:49,165.80161672911004
2025-04-06 13:42:49,326.97127351349
2025-04-06 13:42:49,176.08870880164835
2025-04-06 13:42:49,336.7134817576424
2025-04-06 13:42:49,212.54016547612542
2025-04-06 13:42:49,195.37115625026829
2025-04-06 13:42:49,211.0341005850002
2025-04-06 13:42:49,331.8675395367827
2025-04-06 13:42:49,298.0201882844789
2025-04-06 13:42:49,313.78283031883336
2025-04-06 13:42:49,278.3914288618018
2025-04-06 13:42:49,164.30132798829732
2025-04-06 13:42:49,309.9153939357383
2025-04-06 13:42:49,153.94957546985452
2025-04-06 13:42:49,150.7508730598685
2025-04-06 13:42:49,285.7990614856084
2025-04-06 13:42:49,93.918585904379
2025-04-06 13:42:49,115.21511986720893
2025-04-06 13:42:49,249.9335488647842
2025-04-06 13:42:49,355.08236544544496
2025-04-06 13:42:49,260.3021042184874
2025-04-06 13:42:49,247.71742856498287
2025-04-06 13:42:49,159.20883567367804
2025-04-06 13:42:49,309.2465670597916
2025-04-06 13:42:49,151.90673926558702
2025-04-06 13:42:49,292.10249759249643
2025-04-06 13:42:49,267.2011055242001
2025-04-06 13:42:49,248.44947647120887
2025-04-06 13:42:49,304.21335028423937
2025-04-06 13:42:49,100.25364772363199
2025-04-06 13:42:49,225.2933132990544
2025-04-06 13:42:49,93.20826879793512
2025-04-06 13:42:49,144.99552604746867
2025-04-06 13:42:49,273.6508102018835
2025-04-06 13:42:49,233.9982821568338
2025-04-06 13:42:49,276.85332059904823
2025-04-06 13:42:49,316.93407942211934
2025-04-06 13:42:49,204.44391166183328
2025-04-06 13:42:49,272.69874553709826
2025-04-06 13:42:49,135.7679945250198
2025-04-06 13:42:49,242.61499856485312
2025-04-06 13:42:49,173.14320512014982
2025-04-06 13:42:49,89.98495312000887
2025-04-06 13:42:49,264.7961640984132
2025-04-06 13:42:49,336.6352169004006
2025-04-06 13:42:49,113.22185009550664
2025-04-06 13:42:49,176.6796487488063
2025-04-06 13:42:49,216.55170956944798
2025-04-06 13:42:49,150.47035899436924
2025-04-06 13:42:49,315.85453694575745
2025-04-06 13:42:49,355.4038140703958
2025-04-06 13:42:49,235.54446701215002
2025-04-06 13:42:49,120.17605071209499
2025-04-06 13:42:49,162.38150664397494
2025-04-06 13:42:49,160.726798334697
2025-04-06 13:42:49,114.17257359823472
2025-04-06 13:42:49,352.4848972889493
2025-04-06 13:42:49,284.2741516676891
2025-04-06 13:42:49,302.8206559680013
2025-04-06 13:42:49,272.36557021267924
2025-04-06 13:42:49,302.56444520954335
2025-04-06 13:42:49,197.92124106188544
2025-04-06 13:42:49,260.7632094289114
2025-04-06 13:42:49,131.14925362994074
2025-04-06 13:42:49,345.15469130066515
2025-04-06 13:42:49,225.38037073286142
2025-04-06 13:42:49,276.223455354341
2025-04-06 13:42:49,174.5894090664811
2025-04-06 13:42:49,313.22959735672055
2025-04-06 13:42:49,310.83997764646693
2025-04-06 13:42:49,213.0168147616757
2025-04-06 13:42:49,118.99376974241721
2025-04-06 13:42:49,153.03827639723676
2025-04-06 13:42:49,230.72889944738543
2025-04-06 13:42:49,350.7887881439427
2025-04-06 13:42:49,226.35792469824946
2025-04-06 13:42:49,164.78832406511827
2025-04-06 13:42:49,337.1976843041644
2025-04-06 13:42:49,339.621077328054
2025-04-06 13:42:49,253.42452827687487
2025-04-06 13:42:49,354.730772262982
2025-04-06 13:42:49,329.92097248284443
2025-04-06 13:42:49,209.31129013307307
2025-04-06 13:42:49,159.1877907768543
2025-04-06 13:42:49,168.3032275583334
2025-04-06 13:42:49,313.762143764558
2025-04-06 13:42:49,338.3951578376749
2025-04-06 13:42:49,121.65464822064445
2025-04-06 13:42:49,148.82152621043636
2025-04-06 13:42:49,280.63537222522234
2025-04-06 13:42:49,270.0468654584783
2025-04-06 13:42:49,320.3731187973099
2025-04-06 13:42:49,353.7821666750203
2025-04-06 13:42:49,268.2634348314628
2025-04-06 13:42:49,314.57805986089977
2025-04-06 13:42:49,287.9937836054892
2025-04-06 13:42:49,172.33339370485425
2025-04-06 13:42:49,341.26495305145465
2025-04-06 13:42:49,262.1164423290802
2025-04-06 13:42:49,142.53456128034057
2025-04-06 13:42:49,186.60976037986458
2025-04-06 13:42:49,88.10268330034646
2025-04-06 13:42:49,175.3420354595554
2025-04-06 13:42:49,312.440419868484
2025-04-06 13:42:49,317.19880128737327
2025-04-06 13:42:49,124.89787342135719
2025-04-06 13:42:49,277.0019557147667
2025-04-06 13:42:49,232.1283192767937
2025-04-06 13:42:49,339.40992352938224
2025-04-06 13:42:49,177.44843562334634
2025-04-06 13:42:49,120.16754418682524
2025-04-06 13:42:49,192.99666211984385
2025-04-06 13:42:49,117.66876249131435
2025-04-06 13:42:49,244.7637380039015
2025-04-06 13:42:49,213.21801812509273
2025-04-06 13:42:49,89.16086066722536
2025-04-06 13:42:49,248.82598431281696
2025-04-06 13:42:49,138.75920514950803
2025-04-06 13:42:49,301.51205170497553
2025-04-06 13:42:49,229.49024375573367
2025-04-06 13:42:49,122.34995994344473
2025-04-06 13:42:49,221.35088562263357
2025-04-06 13:42:49,318.06801402166064
2025-04-06 13:42:49,187.25635245245076
2025-04-06 13:42:49,138.4550771964311
2025-04-06 13:42:49,108.70852433180713
2025-04-06 13:42:49,337.5258817402272
2025-04-06 13:42:49,251.05578937179246
2025-04-06 13:42:49,351.3837595148079
2025-04-06 13:42:49,281.5547885346498
2025-04-06 13:42:49,350.78013306038093
2025-04-06 13:42:49,307.39095925407025
2025-04-06 13:42:49,96.32469028478027
2025-04-06 13:42:49,250.8582850893265
2025-04-06 13:42:49,324.32535302772214
2025-04-06 13:42:49,226.73637070137437
2025-04-06 13:42:49,338.30361368838476
2025-04-06 13:42:49,117.57835013761834
2025-04-06 13:42:49,90.40636097280623
2025-04-06 13:42:49,174.08943585650036
2025-04-06 13:42:49,270.27791538490237
2025-04-06 13:42:49,329.9818837933303
2025-04-06 13:42:49,339.2796523798378
2025-04-06 13:42:49,103.03352771326908
2025-04-06 13:42:49,243.7476225881965
2025-04-06 13:42:49,344.17557160644566
2025-04-06 13:42:49,267.0046463810985
2025-04-06 13:42:49,242.49381185392366
2025-04-06 13:42:49,99.12304872671508
2025-04-06 13:42:49,258.1134320707955
2025-04-06 13:42:49,348.98016152656425
2025-04-06 13:42:49,189.43390779630192
2025-04-06 13:42:49,359.7161050736661
2025-04-06 13:42:49,264.5862366292176
2025-04-06 13:42:49,196.49636570708284
2025-04-06 13:42:49,206.90437795451044
2025-04-06 13:42:49,318.3540618859584
2025-04-06 13:42:49,345.9670973341764
2025-04-06 13:42:49,98.59343773092331
2025-04-06 13:42:49,314.33789746008273
2025-04-06 13:42:49,104.15162764433886
2025-04-06 13:42:49,254.42421931938267
2025-04-06 13:42:49,164.2017879344869
2025-04-06 13:42:49,149.7391696308999
2025-04-06 13:42:49,309.5202443247075
2025-04-06 13:42:49,189.64287158779763
2025-04-06 13:42:49,268.86801455235525
2025-04-06 13:42:49,126.45089926997534
2025-04-06 13:42:49,225.00852453076797
2025-04-06 13:42:49,136.78829369733407
2025-04-06 13:42:49,129.8238553483923
2025-04-06 13:42:49,269.8176668785188
2025-04-06 13:42:49,94.69531048586946
2025-04-06 13:42:49,98.61413066769846
2025-04-06 13:42:49,256.60984093242325
2025-04-06 13:42:49,266.8653047230353
2025-04-06 13:42:49,266.71782091965395
2025-04-06 13:42:49,221.38058456043132
2025-04-06 13:42:49,122.63903605405324
2025-04-06 13:42:49,244.01993930232814
2025-04-06 13:42:49,282.08793737952794
2025-04-06 13:42:49,263.65055963432803
2025-04-06 13:42:49,159.66367457482414
2025-04-06 13:42:49,305.87180060049553
2025-04-06 13:42:49,271.62735381123605
2025-04-06 13:42:49,182.45712353182444
2025-04-06 13:42:49,216.13035232975275
2025-04-06 13:42:49,236.7146129271255
2025-04-06 13:42:49,149.16060528554578
2025-04-06 13:42:49,253.83399831389065
2025-04-06 13:42:49,143.66687398188742
2025-04-06 13:42:49,131.27140160747655
2025-04-06 13:42:49,255.82910579941205
2025-04-06 13:42:49,216.27261895006245
2025-04-06 13:42:49,213.8239670805844
2025-04-06 13:42:49,159.57327625857658
2025-04-06 13:42:49,108.9345998255239
2025-04-06 13:42:49,256.84777618624094
2025-04-06 13:42:49,159.34082155204442
2025-04-06 13:42:49,209.4022150521853
2025-04-06 13:42:49,214.68106759676579
2025-04-06 13:42:49,220.60764673018616
