timestamp,vibration
2025-04-06 13:42:49,1.4303907735105508
2025-04-06 13:42:49,0.9021457274805131
2025-04-06 13:42:49,1.0925510601594168
2025-04-06 13:42:49,0.557244304632593
2025-04-06 13:42:49,1.9793840628854533
2025-04-06 13:42:49,1.555517515220983
2025-04-06 13:42:49,1.7850324519463667
2025-04-06 13:42:49,0.6512416626870786
2025-04-06 13:42:49,0.6116981018558432
2025-04-06 13:42:49,1.8455166341643627
2025-04-06 13:42:49,1.5100987234667762
2025-04-06 13:42:49,0.882509535690617
2025-04-06 13:42:49,0.8884242332799589
2025-04-06 13:42:49,0.8890787596576026
2025-04-06 13:42:49,1.7668941175589474
2025-04-06 13:42:49,0.8405175399350955
2025-04-06 13:42:49,1.0843443606303924
2025-04-06 13:42:49,1.1587091311131132
2025-04-06 13:42:49,1.9466682212695565
2025-04-06 13:42:49,1.2863623746485142
2025-04-06 13:42:49,1.7467087550076035
2025-04-06 13:42:49,0.6172273499196801
2025-04-06 13:42:49,0.8581528114187724
2025-04-06 13:42:49,0.923034839493693
2025-04-06 13:42:49,1.441332103837987
2025-04-06 13:42:49,1.2157358213892184
2025-04-06 13:42:49,1.3458705958226966
2025-04-06 13:42:49,1.787331961464809
2025-04-06 13:42:49,0.7665935927109889
2025-04-06 13:42:49,0.6159584298995362
2025-04-06 13:42:49,0.6974350050121401
2025-04-06 13:42:49,1.126303486779128
2025-04-06 13:42:49,1.914095281613017
2025-04-06 13:42:49,1.3647002012607232
2025-04-06 13:42:49,0.6395985310011816
2025-04-06 13:42:49,0.9543133115488411
2025-04-06 13:42:49,1.1620185076345773
2025-04-06 13:42:49,1.1841161922580952
2025-04-06 13:42:49,1.7984525709144825
2025-04-06 13:42:49,1.1718938760611617
2025-04-06 13:42:49,1.3391242602869236
2025-04-06 13:42:49,1.4164783911783492
2025-04-06 13:42:49,0.9186162717065387
2025-04-06 13:42:49,0.5758261518486579
2025-04-06 13:42:49,1.6067885090186307
2025-04-06 13:42:49,1.3786965393159054
2025-04-06 13:42:49,1.018249943616622
2025-04-06 13:42:49,1.0569989980795083
2025-04-06 13:42:49,1.9803105219501043
2025-04-06 13:42:49,1.9094776620463696
2025-04-06 13:42:49,0.6469077896354407
2025-04-06 13:42:49,1.3034615210186886
2025-04-06 13:42:49,1.609556706569946
2025-04-06 13:42:49,1.5248321560123665
2025-04-06 13:42:49,0.713846840942455
2025-04-06 13:42:49,0.7603812095188895
2025-04-06 13:42:49,1.9829919897770876
2025-04-06 13:42:49,1.406895683358946
2025-04-06 13:42:49,1.3666329755857745
2025-04-06 13:42:49,1.0029791123897263
2025-04-06 13:42:49,1.2360833772546789
2025-04-06 13:42:49,0.503636982449604
2025-04-06 13:42:49,1.2326937141287873
2025-04-06 13:42:49,1.7322789935657297
2025-04-06 13:42:49,1.1146537065140518
2025-04-06 13:42:49,0.7657225409559235
2025-04-06 13:42:49,1.759846296220301
2025-04-06 13:42:49,1.672496513518439
2025-04-06 13:42:49,0.6490548050228118
2025-04-06 13:42:49,0.6063446537890764
2025-04-06 13:42:49,1.1022630731039678
2025-04-06 13:42:49,1.5317731913441879
2025-04-06 13:42:49,1.2273916916761773
2025-04-06 13:42:49,0.7010494851243437
2025-04-06 13:42:49,0.5208026973836051
2025-04-06 13:42:49,0.7364440925900901
2025-04-06 13:42:49,0.8728255264140874
2025-04-06 13:42:49,1.5755342029309287
2025-04-06 13:42:49,0.8580849201605734
2025-04-06 13:42:49,1.6661080191391617
2025-04-06 13:42:49,1.0788579353914558
2025-04-06 13:42:49,1.2587618495657669
2025-04-06 13:42:49,1.250791325816814
2025-04-06 13:42:49,1.6846286580867584
2025-04-06 13:42:49,1.388230944666834
2025-04-06 13:42:49,0.8966011882827228
2025-04-06 13:42:49,1.5858289270005796
2025-04-06 13:42:49,1.199224768361211
2025-04-06 13:42:49,1.8167183684865937
2025-04-06 13:42:49,0.6695483753544209
2025-04-06 13:42:49,1.323845309167536
2025-04-06 13:42:49,1.6951607160904691
2025-04-06 13:42:49,0.6437666850565322
2025-04-06 13:42:49,1.6592456794686723
2025-04-06 13:42:49,1.8583039229710265
2025-04-06 13:42:49,1.8337023986835628
2025-04-06 13:42:49,0.9308693336542354
2025-04-06 13:42:49,1.7853191031682893
2025-04-06 13:42:49,1.4345890550214246
2025-04-06 13:42:49,0.7390814711161867
2025-04-06 13:42:49,1.7989380421622299
2025-04-06 13:42:49,1.1060729381180923
2025-04-06 13:42:49,1.8021443921808515
2025-04-06 13:42:49,1.899544847585858
2025-04-06 13:42:49,1.105511877353933
2025-04-06 13:42:49,0.8831903703222503
2025-04-06 13:42:49,0.5986296695035984
2025-04-06 13:42:49,1.945886556357271
2025-04-06 13:42:49,1.8441777811073359
2025-04-06 13:42:49,1.6424242388925987
2025-04-06 13:42:49,1.9062778557013507
2025-04-06 13:42:49,0.9370786393333734
2025-04-06 13:42:49,0.9971330690411349
2025-04-06 13:42:49,0.6195292270570651
2025-04-06 13:42:49,0.5807172676651592
2025-04-06 13:42:49,0.914992347735761
2025-04-06 13:42:49,1.3489034027041837
2025-04-06 13:42:49,1.7495610796780103
2025-04-06 13:42:49,0.7742702406579114
2025-04-06 13:42:49,1.6845350501922873
2025-04-06 13:42:49,1.2520106911017646
2025-04-06 13:42:49,1.8713784573444463
2025-04-06 13:42:49,0.9452882193167637
2025-04-06 13:42:49,1.5467499891878311
2025-04-06 13:42:49,0.9005389243343895
2025-04-06 13:42:49,1.6197631460028001
2025-04-06 13:42:49,0.9452878402261913
2025-04-06 13:42:49,1.4024956912185247
2025-04-06 13:42:49,1.3227997304580084
2025-04-06 13:42:49,0.573649852112513
2025-04-06 13:42:49,1.0883086130502715
2025-04-06 13:42:49,0.8996524400026655
2025-04-06 13:42:49,0.5623708183880223
2025-04-06 13:42:49,0.6116608117820237
2025-04-06 13:42:49,0.5308545474841762
2025-04-06 13:42:49,1.641059891475802
2025-04-06 13:42:49,0.8076555619367825
2025-04-06 13:42:49,0.7770150565771459
2025-04-06 13:42:49,0.5861007973540926
2025-04-06 13:42:49,1.4450232207581433
2025-04-06 13:42:49,0.9620072105982418
2025-04-06 13:42:49,0.5378043263238159
2025-04-06 13:42:49,1.2253149561562677
2025-04-06 13:42:49,1.8341448806673584
2025-04-06 13:42:49,1.5862802481359621
2025-04-06 13:42:49,1.3044851734539182
2025-04-06 13:42:49,0.8805975863964339
2025-04-06 13:42:49,1.9534767984405088
2025-04-06 13:42:49,1.085069615711939
2025-04-06 13:42:49,0.5301540944240293
2025-04-06 13:42:49,1.77535850074201
2025-04-06 13:42:49,0.6377729316790599
2025-04-06 13:42:49,0.7664351093124131
2025-04-06 13:42:49,1.6576815386408643
2025-04-06 13:42:49,1.544959794818202
2025-04-06 13:42:49,1.3422215533723105
2025-04-06 13:42:49,1.700134531451571
2025-04-06 13:42:49,1.1011110079468027
2025-04-06 13:42:49,1.7572052681794443
2025-04-06 13:42:49,1.0433521024919337
2025-04-06 13:42:49,1.8440240535176633
2025-04-06 13:42:49,1.4485106495264464
2025-04-06 13:42:49,0.5360127611454714
2025-04-06 13:42:49,1.3563327611521927
2025-04-06 13:42:49,1.9614834282042166
2025-04-06 13:42:49,0.6644385951935037
2025-04-06 13:42:49,1.106939302147341
2025-04-06 13:42:49,1.5649241407529224
2025-04-06 13:42:49,1.5292730102071375
2025-04-06 13:42:49,1.247721615457709
2025-04-06 13:42:49,1.6740017100647908
2025-04-06 13:42:49,1.4937753957511997
2025-04-06 13:42:49,0.9934202108525003
2025-04-06 13:42:49,0.8832857046302518
2025-04-06 13:42:49,1.901949867383124
2025-04-06 13:42:49,1.161436977190143
2025-04-06 13:42:49,0.5312816527012965
2025-04-06 13:42:49,1.7103650693315773
2025-04-06 13:42:49,1.1818912569840458
2025-04-06 13:42:49,1.3629196586335774
2025-04-06 13:42:49,1.1908416000958022
2025-04-06 13:42:49,1.5256018582324333
2025-04-06 13:42:49,0.6576940245855218
2025-04-06 13:42:49,0.8611352970729078
2025-04-06 13:42:49,1.6330633737663882
2025-04-06 13:42:49,1.687256063220229
2025-04-06 13:42:49,0.8022133293407205
2025-04-06 13:42:49,0.636395622983087
2025-04-06 13:42:49,0.7732658357677595
2025-04-06 13:42:49,0.7620313661157094
2025-04-06 13:42:49,0.9815121945178308
2025-04-06 13:42:49,0.702334436291138
2025-04-06 13:42:49,1.509377530642186
2025-04-06 13:42:49,1.8838416450461668
2025-04-06 13:42:49,0.5590389602283641
2025-04-06 13:42:49,1.1328872381033772
2025-04-06 13:42:49,1.2773489414572032
2025-04-06 13:42:49,1.2943486109579412
2025-04-06 13:42:49,1.336044393151178
2025-04-06 13:42:49,0.9669335893887789
2025-04-06 13:42:49,1.5360924886682374
2025-04-06 13:42:49,0.7994256758314209
2025-04-06 13:42:49,0.778745480429716
2025-04-06 13:42:49,0.8967837123295033
2025-04-06 13:42:49,0.6942102080363706
2025-04-06 13:42:49,1.6253297875303554
2025-04-06 13:42:49,0.7751609073312532
2025-04-06 13:42:49,0.8870587593409859
2025-04-06 13:42:49,1.1896028977340278
2025-04-06 13:42:49,1.484944500491166
2025-04-06 13:42:49,1.734017329120433
2025-04-06 13:42:49,1.4209028250869546
2025-04-06 13:42:49,0.9884462316234341
2025-04-06 13:42:49,0.6474142649190557
2025-04-06 13:42:49,1.8153806972314004
2025-04-06 13:42:49,0.6118480515483071
2025-04-06 13:42:49,0.6599977642731201
2025-04-06 13:42:49,0.7776226885288928
2025-04-06 13:42:49,0.9498799639622758
2025-04-06 13:42:49,0.9449962024389844
2025-04-06 13:42:49,0.5443650560062365
2025-04-06 13:42:49,1.9467672497389379
2025-04-06 13:42:49,1.6269224537465183
2025-04-06 13:42:49,0.5474519765584476
2025-04-06 13:42:49,1.5115330685145625
2025-04-06 13:42:49,1.3123213260206237
2025-04-06 13:42:49,1.0089917586725616
2025-04-06 13:42:49,0.9743647675426235
2025-04-06 13:42:49,1.6302626674268395
2025-04-06 13:42:49,1.543114035079312
2025-04-06 13:42:49,1.1537380918920148
2025-04-06 13:42:49,0.7249242803833136
2025-04-06 13:42:49,1.363983471027896
2025-04-06 13:42:49,1.240878615358445
2025-04-06 13:42:49,1.6189597498587003
2025-04-06 13:42:49,0.6349256181784935
2025-04-06 13:42:49,0.7838052756820764
2025-04-06 13:42:49,0.8405375378574459
2025-04-06 13:42:49,1.4318978094853425
2025-04-06 13:42:49,1.513798891587901
2025-04-06 13:42:49,1.1124971698631172
2025-04-06 13:42:49,1.5607185378059918
2025-04-06 13:42:49,1.4839243809747595
2025-04-06 13:42:49,1.2408479952318132
2025-04-06 13:42:49,1.501585249631268
2025-04-06 13:42:49,1.4830139697347708
2025-04-06 13:42:49,1.0657259500966356
2025-04-06 13:42:49,0.7734292391970359
2025-04-06 13:42:49,1.4870069283082472
2025-04-06 13:42:49,0.7938048306534958
2025-04-06 13:42:49,1.1386062456134387
2025-04-06 13:42:49,1.9739764602461773
2025-04-06 13:42:49,0.5050066170157498
2025-04-06 13:42:49,0.5542150843591951
2025-04-06 13:42:49,1.6636974621932652
2025-04-06 13:42:49,1.061011819473638
2025-04-06 13:42:49,1.132075275584166
2025-04-06 13:42:49,1.7345729663290677
2025-04-06 13:42:49,1.719814206886897
2025-04-06 13:42:49,0.9019129037342972
2025-04-06 13:42:49,1.5098081303326072
2025-04-06 13:42:49,1.7512592095518507
2025-04-06 13:42:49,0.716423904343284
2025-04-06 13:42:49,1.1910082955249883
2025-04-06 13:42:49,1.654596940231108
2025-04-06 13:42:49,1.9407119130491972
2025-04-06 13:42:49,1.6947630459977545
2025-04-06 13:42:49,0.7550633589978637
2025-04-06 13:42:49,1.7768668180725005
2025-04-06 13:42:49,1.9318921251538623
2025-04-06 13:42:49,1.2323288980567209
2025-04-06 13:42:49,0.8765209443360755
2025-04-06 13:42:49,0.7546565147747882
2025-04-06 13:42:49,1.7168086071106403
2025-04-06 13:42:49,0.501157221088872
2025-04-06 13:42:49,1.3790418673494806
2025-04-06 13:42:49,0.8664598141753553
2025-04-06 13:42:49,1.377849019835896
2025-04-06 13:42:49,1.861361706382763
2025-04-06 13:42:49,1.2222674324699163
2025-04-06 13:42:49,1.465537736260366
2025-04-06 13:42:49,1.3776004642684565
2025-04-06 13:42:49,0.8504506632357547
2025-04-06 13:42:49,1.709948074668416
2025-04-06 13:42:49,1.2209024114217848
2025-04-06 13:42:49,1.3557020379042912
2025-04-06 13:42:49,1.9968800792202608
2025-04-06 13:42:49,1.5312634831455456
2025-04-06 13:42:49,1.6290651894791812
2025-04-06 13:42:49,0.6147607792535266
2025-04-06 13:42:49,1.5777683868029535
2025-04-06 13:42:49,0.7126980145674932
2025-04-06 13:42:49,1.6474563547730272
2025-04-06 13:42:49,1.9648035208222971
2025-04-06 13:42:49,0.7160884266937864
2025-04-06 13:42:49,0.6533577660064065
2025-04-06 13:42:49,1.6969132199205132
2025-04-06 13:42:49,0.8133468236508683
2025-04-06 13:42:49,0.8274094176829192
2025-04-06 13:42:49,0.7837191435341215
2025-04-06 13:42:49,1.8654778423085612
2025-04-06 13:42:49,1.0400968569946962
2025-04-06 13:42:49,1.5659917915138641
2025-04-06 13:42:49,1.3290058831871479
2025-04-06 13:42:49,1.8754007675875886
2025-04-06 13:42:49,0.8426512133643849
2025-04-06 13:42:49,1.998556039487251
2025-04-06 13:42:49,1.441049322008526
2025-04-06 13:42:49,1.2448697903374646
2025-04-06 13:42:49,0.6731834015529414
2025-04-06 13:42:49,1.5678928880400076
2025-04-06 13:42:49,1.3818244052804307
2025-04-06 13:42:49,0.7974132005927372
2025-04-06 13:42:49,1.9977671212369712
2025-04-06 13:42:49,0.9283131396329742
2025-04-06 13:42:49,1.3163174326646947
2025-04-06 13:42:49,0.7960003129528654
2025-04-06 13:42:49,1.4928025932519093
2025-04-06 13:42:49,0.8048016540936014
2025-04-06 13:42:49,0.958393686964672
2025-04-06 13:42:49,1.9631053932044582
2025-04-06 13:42:49,1.946438100398074
2025-04-06 13:42:49,1.4724744885101768
2025-04-06 13:42:49,0.8167890069893582
2025-04-06 13:42:49,1.6728291479554842
2025-04-06 13:42:49,1.4952513878064366
2025-04-06 13:42:49,1.6306050489495427
2025-04-06 13:42:49,0.7631751612252726
2025-04-06 13:42:49,1.269690496105144
2025-04-06 13:42:49,1.8392531090790007
2025-04-06 13:42:49,1.5239708443997007
2025-04-06 13:42:49,1.6679748478505938
2025-04-06 13:42:49,1.460730739421614
2025-04-06 13:42:49,1.8895324532247146
2025-04-06 13:42:49,1.5452456236634806
2025-04-06 13:42:49,0.5178548320709233
2025-04-06 13:42:49,1.4825192881191045
2025-04-06 13:42:49,0.8291993225951908
2025-04-06 13:42:49,1.7176816468148834
2025-04-06 13:42:49,0.9875216363357828
2025-04-06 13:42:49,1.3901942752846956
2025-04-06 13:42:49,1.3774058416028465
2025-04-06 13:42:49,1.2673421182209716
2025-04-06 13:42:49,0.7141135968295576
2025-04-06 13:42:49,1.72597175638364
2025-04-06 13:42:49,0.762382225256119
2025-04-06 13:42:49,0.8180871940197758
2025-04-06 13:42:49,1.3484342673457599
2025-04-06 13:42:49,1.5411013543131602
2025-04-06 13:42:49,0.9869348442037111
2025-04-06 13:42:49,0.9894971720785568
2025-04-06 13:42:49,1.2440913706951355
2025-04-06 13:42:49,1.4707036638545266
2025-04-06 13:42:49,1.9624204879485754
2025-04-06 13:42:49,0.6971013529355615
2025-04-06 13:42:49,1.8502340197888056
2025-04-06 13:42:49,1.9478341178429328
2025-04-06 13:42:49,1.7828406361497047
2025-04-06 13:42:49,1.4570483421270943
2025-04-06 13:42:49,1.228500343270556
2025-04-06 13:42:49,1.1758695792236904
2025-04-06 13:42:49,1.9015674158992053
2025-04-06 13:42:49,1.1072143185548555
2025-04-06 13:42:49,1.7210929920575286
2025-04-06 13:42:49,0.6884397124868875
2025-04-06 13:42:49,1.45062843055707
2025-04-06 13:42:49,1.4060517425151202
2025-04-06 13:42:49,1.9272608178653676
2025-04-06 13:42:49,1.8088582662441626
2025-04-06 13:42:49,1.4622946388725881
2025-04-06 13:42:49,1.6616195558147682
2025-04-06 13:42:49,1.9350565420077448
2025-04-06 13:42:49,1.9096344979503037
2025-04-06 13:42:49,0.5089098885924965
2025-04-06 13:42:49,1.4246734677765032
2025-04-06 13:42:49,0.8811456856731016
2025-04-06 13:42:49,1.97534568146771
2025-04-06 13:42:49,1.5024700668187667
2025-04-06 13:42:49,1.3384810507234182
2025-04-06 13:42:49,0.7789751996598899
2025-04-06 13:42:49,1.0915936502922983
2025-04-06 13:42:49,1.9385073919689433
2025-04-06 13:42:49,1.7950852322024196
2025-04-06 13:42:49,1.2770706012091793
2025-04-06 13:42:49,1.0987664333331708
2025-04-06 13:42:49,0.9372783637659887
2025-04-06 13:42:49,1.0936533728277156
2025-04-06 13:42:49,1.1911769647792663
2025-04-06 13:42:49,1.8830243845949965
2025-04-06 13:42:49,1.227056795692898
2025-04-06 13:42:49,1.1218694412299794
2025-04-06 13:42:49,0.749995697535834
2025-04-06 13:42:49,1.5501841133303236
2025-04-06 13:42:49,1.8602235482366671
2025-04-06 13:42:49,1.6740434210823332
2025-04-06 13:42:49,1.3041117706967362
2025-04-06 13:42:49,0.7707441811381857
2025-04-06 13:42:49,1.0671252132469886
2025-04-06 13:42:49,1.2674054363961351
2025-04-06 13:42:49,1.97757362979742
2025-04-06 13:42:49,0.6266240137195405
2025-04-06 13:42:49,1.6433092643920286
2025-04-06 13:42:49,1.2072417456077973
2025-04-06 13:42:49,1.3537898906535617
2025-04-06 13:42:49,1.768123545656028
2025-04-06 13:42:49,0.7607582654236089
2025-04-06 13:42:49,0.7351287835117817
2025-04-06 13:42:49,1.2642824800368162
2025-04-06 13:42:49,1.628510879870348
2025-04-06 13:42:49,1.6283728071793047
2025-04-06 13:42:49,1.2018754269925749
2025-04-06 13:42:49,1.8851163845771928
2025-04-06 13:42:49,1.627174363692104
2025-04-06 13:42:49,1.5921161234159515
2025-04-06 13:42:49,1.535249670890244
2025-04-06 13:42:49,1.0668421563511976
2025-04-06 13:42:49,1.0017143748891844
2025-04-06 13:42:49,1.2519670902263949
2025-04-06 13:42:49,0.6183573209938882
2025-04-06 13:42:49,1.669613688027126
2025-04-06 13:42:49,1.0399154729898448
2025-04-06 13:42:49,0.6981504043603484
2025-04-06 13:42:49,0.7191074945307301
2025-04-06 13:42:49,1.2540941991900183
2025-04-06 13:42:49,0.6588618588124245
2025-04-06 13:42:49,0.874879148077463
2025-04-06 13:42:49,1.7308964678196777
2025-04-06 13:42:49,0.8491047648066907
2025-04-06 13:42:49,1.9294645877254113
2025-04-06 13:42:49,1.173337488441076
2025-04-06 13:42:49,1.450835913286583
2025-04-06 13:42:49,1.2580968027793227
2025-04-06 13:42:49,0.8085983807829327
2025-04-06 13:42:49,1.0671013965455256
2025-04-06 13:42:49,1.3334271810266418
2025-04-06 13:42:49,0.7662432038209419
2025-04-06 13:42:49,0.7593554581659683
2025-04-06 13:42:49,1.128017688378657
2025-04-06 13:42:49,1.6284653598641479
2025-04-06 13:42:49,1.6888860688369933
2025-04-06 13:42:49,1.5656216210213065
2025-04-06 13:42:49,0.6987520116372425
2025-04-06 13:42:49,0.9658597071678029
2025-04-06 13:42:49,1.1493317472624598
2025-04-06 13:42:49,1.0413438954773275
2025-04-06 13:42:49,1.041667890786436
2025-04-06 13:42:49,1.1466355991626545
2025-04-06 13:42:49,1.5715704145209202
2025-04-06 13:42:49,1.9824688301710778
2025-04-06 13:42:49,1.4477199974763066
2025-04-06 13:42:49,1.7511635745805445
2025-04-06 13:42:49,1.9537841580428599
2025-04-06 13:42:49,0.7613641973622947
2025-04-06 13:42:49,0.8434949902903407
2025-04-06 13:42:49,1.8594689837050797
2025-04-06 13:42:49,1.4418531356006823
2025-04-06 13:42:49,0.7979517872552366
2025-04-06 13:42:49,1.8798279595914573
2025-04-06 13:42:49,1.1142341282240804
2025-04-06 13:42:49,0.9044920037485367
2025-04-06 13:42:49,0.6969894358802211
2025-04-06 13:42:49,0.564872774571775
2025-04-06 13:42:49,1.0457180270781392
2025-04-06 13:42:49,0.8110050603433105
2025-04-06 13:42:49,1.7351343130751586
2025-04-06 13:42:49,1.3417763520502508
2025-04-06 13:42:49,0.7700889435979792
2025-04-06 13:42:49,1.4601569408352912
2025-04-06 13:42:49,0.6674845499818629
2025-04-06 13:42:49,1.6917934355020054
2025-04-06 13:42:49,1.5128651724753972
2025-04-06 13:42:49,0.9525395233365553
2025-04-06 13:42:49,1.616400443726963
2025-04-06 13:42:49,0.5007588542633831
2025-04-06 13:42:49,1.2225651110739237
2025-04-06 13:42:49,1.885764802737076
2025-04-06 13:42:49,0.9790843355126666
2025-04-06 13:42:49,0.7518250026327181
2025-04-06 13:42:49,1.1521415510288555
2025-04-06 13:42:49,0.6823442528273302
2025-04-06 13:42:49,1.4148128565990896
2025-04-06 13:42:49,1.7177100169493398
2025-04-06 13:42:49,1.627391756060405
2025-04-06 13:42:49,1.0635019874460918
2025-04-06 13:42:49,1.4270655303235138
2025-04-06 13:42:49,1.793347550941559
2025-04-06 13:42:49,0.5909651235748897
2025-04-06 13:42:49,0.5296747480387405
2025-04-06 13:42:49,1.6156275336760972
2025-04-06 13:42:49,1.7891808185446996
2025-04-06 13:42:49,1.2889984305289501
2025-04-06 13:42:49,1.9299175087867129
2025-04-06 13:42:49,0.8327854852647714
2025-04-06 13:42:49,1.0201069151833635
2025-04-06 13:42:49,1.9756093329114994
2025-04-06 13:42:49,0.5577198855784732
2025-04-06 13:42:49,1.2704918370347915
2025-04-06 13:42:49,1.7017749070556691
2025-04-06 13:42:49,1.3623281697012408
2025-04-06 13:42:49,0.9152853696631182
2025-04-06 13:42:49,1.2170658599961448
2025-04-06 13:42:49,1.104671458657995
2025-04-06 13:42:49,0.7893272485891174
2025-04-06 13:42:49,1.1869318423656556
2025-04-06 13:42:49,1.5764363505615107
2025-04-06 13:42:49,1.3819518457707982
2025-04-06 13:42:49,0.9568138197341918
2025-04-06 13:42:49,1.7361960534292449
2025-04-06 13:42:49,1.3064616051185292
2025-04-06 13:42:49,1.5673716469879257
2025-04-06 13:42:49,1.8301143885814386
2025-04-06 13:42:49,0.802434589058525
2025-04-06 13:42:49,0.7033650688704117
2025-04-06 13:42:49,1.970694956159913
2025-04-06 13:42:49,1.0944283440647768
2025-04-06 13:42:49,0.9960740307890399
2025-04-06 13:42:49,0.6575635247948552
2025-04-06 13:42:49,1.613816748856187
2025-04-06 13:42:49,0.6173958675070242
2025-04-06 13:42:49,0.9967971894893171
2025-04-06 13:42:49,0.9180651511661344
2025-04-06 13:42:49,0.6021168859722428
2025-04-06 13:42:49,1.0569858843468678
2025-04-06 13:42:49,1.1640217087636375
2025-04-06 13:42:49,1.5161023303657124
2025-04-06 13:42:49,0.6493161197117969
2025-04-06 13:42:49,1.2737697301208049
2025-04-06 13:42:49,1.8658438704953697
2025-04-06 13:42:49,0.9013012975688465
2025-04-06 13:42:49,1.5405239754696307
2025-04-06 13:42:49,0.8709027487607478
2025-04-06 13:42:49,1.6062698957895818
2025-04-06 13:42:49,1.4074990744799836
2025-04-06 13:42:49,1.382932398862673
2025-04-06 13:42:49,0.5036057215998584
2025-04-06 13:42:49,1.1492477342310052
2025-04-06 13:42:49,0.7599733273597293
2025-04-06 13:42:49,1.5405477230545495
2025-04-06 13:42:49,1.5490796651406231
2025-04-06 13:42:49,1.785541999690496
2025-04-06 13:42:49,1.332314494493005
2025-04-06 13:42:49,1.8208695310870002
2025-04-06 13:42:49,0.9841289909956924
2025-04-06 13:42:49,1.5496205321149465
2025-04-06 13:42:49,1.8041993828103213
2025-04-06 13:42:49,1.441148926028521
2025-04-06 13:42:49,1.1281229802099537
2025-04-06 13:42:49,0.616828486210607
2025-04-06 13:42:49,1.039723951751226
2025-04-06 13:42:49,0.8556521399289618
2025-04-06 13:42:49,1.7246016100152586
2025-04-06 13:42:49,0.9989127111876981
2025-04-06 13:42:49,1.8170524652357194
2025-04-06 13:42:49,0.5083656079393235
2025-04-06 13:42:49,1.3967113357700052
2025-04-06 13:42:49,1.0810769114567655
2025-04-06 13:42:49,0.8196042642398731
2025-04-06 13:42:49,1.5193739666064876
2025-04-06 13:42:49,0.9636196896755851
2025-04-06 13:42:49,1.7372238773359254
2025-04-06 13:42:49,0.8959135506996465
2025-04-06 13:42:49,0.9751760006083486
2025-04-06 13:42:49,1.253955235568929
2025-04-06 13:42:49,1.902736314967256
2025-04-06 13:42:49,1.964394823431479
2025-04-06 13:42:49,1.1016938043740392
2025-04-06 13:42:49,1.800723739858784
2025-04-06 13:42:49,0.6032265523276308
2025-04-06 13:42:49,0.8977262045468155
2025-04-06 13:42:49,1.8005500287676686
2025-04-06 13:42:49,0.9292700117546815
2025-04-06 13:42:49,1.6536633885742207
2025-04-06 13:42:49,0.7490492505218
2025-04-06 13:42:49,1.524108168987286
2025-04-06 13:42:49,1.2510797951710997
2025-04-06 13:42:49,1.5175888960364792
2025-04-06 13:42:49,1.1195893961498027
2025-04-06 13:42:49,1.6915991062959477
2025-04-06 13:42:49,0.5438486184141815
2025-04-06 13:42:49,0.927794592559543
2025-04-06 13:42:49,1.046151078042779
2025-04-06 13:42:49,0.926486103262354
2025-04-06 13:42:49,0.8784572422050216
2025-04-06 13:42:49,0.6983648164368519
2025-04-06 13:42:49,0.7022576556819887
2025-04-06 13:42:49,0.9896323009880074
2025-04-06 13:42:49,1.9037592538449144
2025-04-06 13:42:49,1.9706710916322592
2025-04-06 13:42:49,1.4835513707672743
2025-04-06 13:42:49,0.9931579424052164
2025-04-06 13:42:49,1.384634235609588
2025-04-06 13:42:49,1.6875159972266847
2025-04-06 13:42:49,1.4035243760228335
2025-04-06 13:42:49,1.9030786382813394
2025-04-06 13:42:49,0.9851585771311326
2025-04-06 13:42:49,1.1259982702073499
2025-04-06 13:42:49,1.6709720670783592
2025-04-06 13:42:49,0.5175751549480674
2025-04-06 13:42:49,0.9955297495944013
2025-04-06 13:42:49,1.6439953659755302
2025-04-06 13:42:49,0.5433024652839362
2025-04-06 13:42:49,1.3842505343367968
2025-04-06 13:42:49,0.5514161810179175
2025-04-06 13:42:49,1.4691401495570713
2025-04-06 13:42:49,0.9201010410088586
2025-04-06 13:42:49,1.3549874709161278
2025-04-06 13:42:49,1.3379344104948678
2025-04-06 13:42:49,1.0924883600812059
2025-04-06 13:42:49,1.6686132647633578
2025-04-06 13:42:49,1.6068722935634263
2025-04-06 13:42:49,0.6907782574428942
2025-04-06 13:42:49,0.6606015317266112
2025-04-06 13:42:49,0.8339704739068291
2025-04-06 13:42:49,0.5890992113194137
2025-04-06 13:42:49,1.585616881611035
2025-04-06 13:42:49,1.5473743949589913
2025-04-06 13:42:49,1.6608781331702867
2025-04-06 13:42:49,1.37804156421232
2025-04-06 13:42:49,1.7702499330641692
2025-04-06 13:42:49,1.6115213333661988
2025-04-06 13:42:49,0.6417229274278663
2025-04-06 13:42:49,1.5122149035254457
2025-04-06 13:42:49,1.7988561345626102
2025-04-06 13:42:49,0.8441099125390539
2025-04-06 13:42:49,1.8929508886541835
2025-04-06 13:42:49,1.1463780286683551
2025-04-06 13:42:49,0.770460709751065
2025-04-06 13:42:49,0.7318012455364284
2025-04-06 13:42:49,0.5391562923065858
2025-04-06 13:42:49,0.922417517633511
2025-04-06 13:42:49,1.1589371680756677
2025-04-06 13:42:49,0.5484109201696781
2025-04-06 13:42:49,0.7590547470268371
2025-04-06 13:42:49,0.5126761338173015
2025-04-06 13:42:49,1.3816934079353687
2025-04-06 13:42:49,0.6519479649580577
2025-04-06 13:42:49,1.1634241356644295
2025-04-06 13:42:49,1.5253507957338077
2025-04-06 13:42:49,1.0056755229577143
2025-04-06 13:42:49,1.201107133377241
2025-04-06 13:42:49,1.3991126147056194
2025-04-06 13:42:49,0.664954573428174
2025-04-06 13:42:49,1.504298610923269
2025-04-06 13:42:49,0.636483436189021
2025-04-06 13:42:49,1.1053963789801795
2025-04-06 13:42:49,0.6372526991493712
2025-04-06 13:42:49,0.7793845955717731
2025-04-06 13:42:49,1.3187545306027522
2025-04-06 13:42:49,0.7170750780161437
2025-04-06 13:42:49,1.5917648718259447
2025-04-06 13:42:49,0.929233923393672
2025-04-06 13:42:49,1.5101997369901072
2025-04-06 13:42:49,0.877286283277799
2025-04-06 13:42:49,1.075753853980958
2025-04-06 13:42:49,0.8893958990092989
2025-04-06 13:42:49,0.7984163836305409
2025-04-06 13:42:49,0.7582418510186124
2025-04-06 13:42:49,1.7132826760482893
2025-04-06 13:42:49,0.9493502995333707
2025-04-06 13:42:49,1.3786007200953279
2025-04-06 13:42:49,1.1678561963417078
2025-04-06 13:42:49,1.5933048343202971
2025-04-06 13:42:49,0.6229118909004729
2025-04-06 13:42:49,1.2892908530845366
2025-04-06 13:42:49,1.1221728661399422
2025-04-06 13:42:49,0.9382454766427062
2025-04-06 13:42:49,1.602342406814864
2025-04-06 13:42:49,1.1487270988875178
2025-04-06 13:42:49,1.0701441055001868
2025-04-06 13:42:49,1.3868134241645032
2025-04-06 13:42:49,1.5253146108464888
2025-04-06 13:42:49,1.6175714867620439
2025-04-06 13:42:49,1.0465184567197379
2025-04-06 13:42:49,0.6336019255272626
2025-04-06 13:42:49,1.7205772414818439
2025-04-06 13:42:49,1.9032921854227272
2025-04-06 13:42:49,1.6109095986450417
2025-04-06 13:42:49,1.6039536116767945
2025-04-06 13:42:49,1.6208941311240075
2025-04-06 13:42:49,1.9780779654199483
2025-04-06 13:42:49,1.121692993717988
2025-04-06 13:42:49,0.5866910896527107
2025-04-06 13:42:49,0.712379953625313
2025-04-06 13:42:49,1.5242958230815273
2025-04-06 13:42:49,0.6919304789055346
2025-04-06 13:42:49,1.38610070741167
2025-04-06 13:42:49,1.651640140799339
2025-04-06 13:42:49,0.917650698713096
2025-04-06 13:42:49,0.5859659576854961
2025-04-06 13:42:49,1.096716576546257
2025-04-06 13:42:49,1.4171560260483622
2025-04-06 13:42:49,1.2050908454891653
2025-04-06 13:42:49,0.9631878963639846
2025-04-06 13:42:49,0.823554264500545
2025-04-06 13:42:49,0.8640066745954499
2025-04-06 13:42:49,1.5457013019619699
2025-04-06 13:42:49,1.1683106031436785
2025-04-06 13:42:49,1.5910661501616663
2025-04-06 13:42:49,0.6080918063855891
2025-04-06 13:42:49,1.2196872422510698
2025-04-06 13:42:49,1.5008253702990564
2025-04-06 13:42:49,0.9228588912101876
2025-04-06 13:42:49,1.4962987786606063
2025-04-06 13:42:49,1.890978458989579
2025-04-06 13:42:49,1.7394113418124204
2025-04-06 13:42:49,1.120587206793471
2025-04-06 13:42:49,1.53303710967272
2025-04-06 13:42:49,0.7114096622556556
2025-04-06 13:42:49,0.7244210564801383
2025-04-06 13:42:49,1.953331577337042
2025-04-06 13:42:49,1.863324827244594
2025-04-06 13:42:49,1.2006006677217147
2025-04-06 13:42:49,0.8381881046783703
2025-04-06 13:42:49,0.6397968087279535
2025-04-06 13:42:49,0.505123557366392
2025-04-06 13:42:49,1.5833787818548921
2025-04-06 13:42:49,1.1189954428039106
2025-04-06 13:42:49,1.2115245533946786
2025-04-06 13:42:49,1.8143508216710078
2025-04-06 13:42:49,1.9213009021530616
2025-04-06 13:42:49,0.9048180382555626
2025-04-06 13:42:49,0.8550715049116007
2025-04-06 13:42:49,1.826796110803475
2025-04-06 13:42:49,1.9381469137163947
2025-04-06 13:42:49,1.0328313557037356
2025-04-06 13:42:49,1.8758566845646496
2025-04-06 13:42:49,1.0742145081507817
2025-04-06 13:42:49,1.0041467688873038
2025-04-06 13:42:49,1.5485184442875068
2025-04-06 13:42:49,1.7179843794843213
2025-04-06 13:42:49,0.8232989904689219
2025-04-06 13:42:49,1.9344405983511903
2025-04-06 13:42:49,0.9112023532257576
2025-04-06 13:42:49,1.173073056163728
2025-04-06 13:42:49,0.6715886377171054
2025-04-06 13:42:49,0.9156998322951758
2025-04-06 13:42:49,1.5497034225622275
2025-04-06 13:42:49,0.8020676978247877
2025-04-06 13:42:49,0.6398354358846362
2025-04-06 13:42:49,0.5143444410651195
2025-04-06 13:42:49,1.3592826901924007
2025-04-06 13:42:49,0.8928172898998066
2025-04-06 13:42:49,1.540042326782301
2025-04-06 13:42:49,0.99849832060953
2025-04-06 13:42:49,1.5137677292475846
2025-04-06 13:42:49,0.7142040598087862
2025-04-06 13:42:49,1.0575430820065428
2025-04-06 13:42:49,0.9186524554711503
2025-04-06 13:42:49,1.9527736789025083
2025-04-06 13:42:49,0.6249855878177849
2025-04-06 13:42:49,1.279928960027573
2025-04-06 13:42:49,0.6396499579077088
2025-04-06 13:42:49,0.750884160861572
2025-04-06 13:42:49,1.8747607448585737
2025-04-06 13:42:49,1.2373387423357611
2025-04-06 13:42:49,1.9539830706795667
2025-04-06 13:42:49,1.415552779802338
2025-04-06 13:42:49,1.8334615696232448
2025-04-06 13:42:49,1.9011461857780108
2025-04-06 13:42:49,1.3570721501426855
2025-04-06 13:42:49,0.9723471837080302
2025-04-06 13:42:49,1.6985521579382732
2025-04-06 13:42:49,0.8630799170802128
2025-04-06 13:42:49,1.323628379139772
2025-04-06 13:42:49,1.3831867631030246
2025-04-06 13:42:49,1.7907045107233095
2025-04-06 13:42:49,1.7190085072103822
2025-04-06 13:42:49,1.8207676623218736
2025-04-06 13:42:49,1.728326375016334
2025-04-06 13:42:49,0.7566570751424293
2025-04-06 13:42:49,0.6620970101719525
2025-04-06 13:42:49,0.5423477927487096
2025-04-06 13:42:49,1.5500957043752273
2025-04-06 13:42:49,0.6508050284678273
2025-04-06 13:42:49,0.6863906593787866
2025-04-06 13:42:49,1.790027402794228
2025-04-06 13:42:49,1.010569189618998
2025-04-06 13:42:49,1.215998008646804
2025-04-06 13:42:49,0.5825077272460623
2025-04-06 13:42:49,1.691473681219703
2025-04-06 13:42:49,1.5406662074328057
2025-04-06 13:42:49,0.7892739234318225
2025-04-06 13:42:49,0.7678633986448681
2025-04-06 13:42:49,0.663374986285901
2025-04-06 13:42:49,1.205404581470264
2025-04-06 13:42:49,1.3550540081010167
2025-04-06 13:42:49,0.5780600725081702
2025-04-06 13:42:49,1.9662083329805682
2025-04-06 13:42:49,1.3860756327814077
2025-04-06 13:42:49,1.1130715225754617
2025-04-06 13:42:49,1.9439113469047884
2025-04-06 13:42:49,1.1921426265322892
2025-04-06 13:42:49,1.9654961751339202
2025-04-06 13:42:49,1.1028220320601396
2025-04-06 13:42:49,1.037356039877733
2025-04-06 13:42:49,1.8944554035272996
2025-04-06 13:42:49,1.8227874902245689
2025-04-06 13:42:49,0.6559609829869479
2025-04-06 13:42:49,1.4686551797931802
2025-04-06 13:42:49,1.9035069956489896
2025-04-06 13:42:49,1.2928583596342746
2025-04-06 13:42:49,0.7448309087066176
2025-04-06 13:42:49,0.6119041111679171
2025-04-06 13:42:49,1.5857556583341486
2025-04-06 13:42:49,1.709567189111799
2025-04-06 13:42:49,1.0785132711535605
2025-04-06 13:42:49,0.6875682033440436
2025-04-06 13:42:49,1.9146407042275781
2025-04-06 13:42:49,1.4231263606579554
2025-04-06 13:42:49,1.7422396498165706
2025-04-06 13:42:49,0.8649683731085329
2025-04-06 13:42:49,1.925251300488819
2025-04-06 13:42:49,1.5287593418905379
2025-04-06 13:42:49,1.5229479816931943
2025-04-06 13:42:49,0.5987049599070413
2025-04-06 13:42:49,0.9110599875577234
2025-04-06 13:42:49,0.6687617451808283
2025-04-06 13:42:49,0.8361962675167881
2025-04-06 13:42:49,1.4210897575398693
2025-04-06 13:42:49,1.1014750375317506
2025-04-06 13:42:49,0.855051152101516
2025-04-06 13:42:49,1.0417170064196837
2025-04-06 13:42:49,1.5969462680198478
2025-04-06 13:42:49,1.2161371739599178
2025-04-06 13:42:49,0.9677628677954451
2025-04-06 13:42:49,0.776750587726094
2025-04-06 13:42:49,1.4975604623645622
2025-04-06 13:42:49,0.9629981765528993
2025-04-06 13:42:49,1.3745266059513257
2025-04-06 13:42:49,1.2145013400148295
2025-04-06 13:42:49,0.6966305307852427
2025-04-06 13:42:49,1.2439559757145346
2025-04-06 13:42:49,0.8081523120454979
2025-04-06 13:42:49,1.094475174132856
2025-04-06 13:42:49,1.805276534532217
2025-04-06 13:42:49,1.014605065445736
2025-04-06 13:42:49,0.8582089830769164
2025-04-06 13:42:49,1.2863789063800568
2025-04-06 13:42:49,1.9308895214554567
2025-04-06 13:42:49,1.5498666727954
2025-04-06 13:42:49,0.5872815536513876
2025-04-06 13:42:49,1.1750072745748754
2025-04-06 13:42:49,1.9498262568788514
2025-04-06 13:42:49,1.7776770293667585
2025-04-06 13:42:49,1.900063221550694
2025-04-06 13:42:49,1.5777927070489801
2025-04-06 13:42:49,1.7055444543487188
2025-04-06 13:42:49,1.6231833081351241
2025-04-06 13:42:49,1.041478611800966
2025-04-06 13:42:49,1.5049727367649206
2025-04-06 13:42:49,1.5388157230214858
2025-04-06 13:42:49,0.9246951718198118
2025-04-06 13:42:49,1.1061401033757836
2025-04-06 13:42:49,1.8868790718119286
2025-04-06 13:42:49,1.1847589128534228
2025-04-06 13:42:49,1.5794807857692041
2025-04-06 13:42:49,0.9941207493889666
2025-04-06 13:42:49,0.5907945642139028
2025-04-06 13:42:49,0.5683421244443916
2025-04-06 13:42:49,1.203951891025754
2025-04-06 13:42:49,1.6351676317973722
2025-04-06 13:42:49,1.4388630743351
2025-04-06 13:42:49,1.9932534367920585
2025-04-06 13:42:49,1.5518519079203235
2025-04-06 13:42:49,0.9188439708743431
2025-04-06 13:42:49,1.2952757980360712
2025-04-06 13:42:49,1.9294846879312546
2025-04-06 13:42:49,1.41721414896469
2025-04-06 13:42:49,0.8138223795884529
2025-04-06 13:42:49,0.7503882168047146
2025-04-06 13:42:49,0.5593283097631105
2025-04-06 13:42:49,0.9627782836169361
2025-04-06 13:42:49,1.9184538601142287
2025-04-06 13:42:49,1.9836938441521828
2025-04-06 13:42:49,1.3410253506856082
2025-04-06 13:42:49,0.9392886935707716
2025-04-06 13:42:49,1.9124250348711898
2025-04-06 13:42:49,1.8176042666402972
2025-04-06 13:42:49,1.9184192444145505
2025-04-06 13:42:49,1.2703690605548812
2025-04-06 13:42:49,1.2503420136763361
2025-04-06 13:42:49,1.6314210806885243
2025-04-06 13:42:49,1.7556175863164865
2025-04-06 13:42:49,0.7832700580690273
2025-04-06 13:42:49,1.903118628725182
2025-04-06 13:42:49,1.8306213578560573
2025-04-06 13:42:49,1.0423967872582791
2025-04-06 13:42:49,1.334330517310885
2025-04-06 13:42:49,1.8298749409681543
2025-04-06 13:42:49,1.85028459843761
2025-04-06 13:42:49,0.5882720891987198
2025-04-06 13:42:49,0.7263044198521569
2025-04-06 13:42:49,1.3781857184872768
2025-04-06 13:42:49,0.852141393366787
2025-04-06 13:42:49,1.833085813584523
2025-04-06 13:42:49,0.6606677587266728
2025-04-06 13:42:49,1.00296328662036
2025-04-06 13:42:49,0.5540673507429368
2025-04-06 13:42:49,1.8070814675693132
2025-04-06 13:42:49,1.8710320703338565
2025-04-06 13:42:49,0.8551354000360304
2025-04-06 13:42:49,1.9871340264169786
2025-04-06 13:42:49,1.5639768592091932
2025-04-06 13:42:49,1.9746122654961649
2025-04-06 13:42:49,1.1895787005436673
2025-04-06 13:42:49,1.6250651600680752
2025-04-06 13:42:49,0.5422076458617701
2025-04-06 13:42:49,0.6870384977676662
2025-04-06 13:42:49,1.5169381306934657
2025-04-06 13:42:49,1.0189640496767356
2025-04-06 13:42:49,1.2511904788973598
2025-04-06 13:42:49,0.5789067261145544
2025-04-06 13:42:49,0.8864047281810737
2025-04-06 13:42:49,1.9951809359251023
2025-04-06 13:42:49,1.1794872849021867
2025-04-06 13:42:49,0.8032216144183021
2025-04-06 13:42:49,1.6175686142811783
2025-04-06 13:42:49,1.6021170931763076
2025-04-06 13:42:49,1.538895880229077
2025-04-06 13:42:49,1.7581055866012703
2025-04-06 13:42:49,1.927728131633383
2025-04-06 13:42:49,1.21118169007218
2025-04-06 13:42:49,1.1651191438268036
2025-04-06 13:42:49,1.3817305018140082
2025-04-06 13:42:49,0.8239213345321972
2025-04-06 13:42:49,0.5420846347753474
2025-04-06 13:42:49,1.5410697198595344
2025-04-06 13:42:49,0.501670968174849
2025-04-06 13:42:49,1.2123835061654669
2025-04-06 13:42:49,1.2678476204521587
2025-04-06 13:42:49,1.356277511021982
2025-04-06 13:42:49,0.9063380465820838
2025-04-06 13:42:49,0.9819069940970215
2025-04-06 13:42:49,1.6528296248631587
2025-04-06 13:42:49,0.8918104687801813
2025-04-06 13:42:49,1.411262189344567
2025-04-06 13:42:49,1.8716973518318303
2025-04-06 13:42:49,1.7049097771513249
2025-04-06 13:42:49,1.7287868916150402
2025-04-06 13:42:49,1.7930633111855439
2025-04-06 13:42:49,0.8936198237471344
2025-04-06 13:42:49,1.4705518869942007
2025-04-06 13:42:49,1.3022452148229617
2025-04-06 13:42:49,0.9465611527414113
2025-04-06 13:42:49,1.8707827674867568
2025-04-06 13:42:49,0.930541999485895
2025-04-06 13:42:49,1.2438393190012798
2025-04-06 13:42:49,1.8422401726911022
2025-04-06 13:42:49,1.359684423615063
2025-04-06 13:42:49,1.35670256300751
2025-04-06 13:42:49,1.140528731653726
2025-04-06 13:42:49,1.7900634087133322
2025-04-06 13:42:49,1.273894677526465
2025-04-06 13:42:49,1.5963683907978785
2025-04-06 13:42:49,1.9836810797769253
2025-04-06 13:42:49,1.1361342214268246
2025-04-06 13:42:49,0.845235094945745
2025-04-06 13:42:49,1.2422003110688578
2025-04-06 13:42:49,1.3754827404989
2025-04-06 13:42:49,0.6075182253204374
2025-04-06 13:42:49,1.1335216520673974
2025-04-06 13:42:49,1.0288965047535135
2025-04-06 13:42:49,1.1368048766105483
2025-04-06 13:42:49,0.9326971946679027
2025-04-06 13:42:49,1.8789099448105522
2025-04-06 13:42:49,1.5021104372364633
2025-04-06 13:42:49,1.404214274109386
2025-04-06 13:42:49,0.7981516896193113
2025-04-06 13:42:49,1.6793530464853355
2025-04-06 13:42:49,0.542871863836047
2025-04-06 13:42:49,1.7287459148317708
2025-04-06 13:42:49,1.3606157464965665
2025-04-06 13:42:49,1.5236318165660594
2025-04-06 13:42:49,1.229055350485118
2025-04-06 13:42:49,1.9895610681600586
2025-04-06 13:42:49,0.8623140355892979
2025-04-06 13:42:49,0.9197566279969533
2025-04-06 13:42:49,0.7451542104446935
2025-04-06 13:42:49,0.8136314524152484
2025-04-06 13:42:49,1.1010820233018126
2025-04-06 13:42:49,1.683191680291396
2025-04-06 13:42:49,1.8407365248947574
2025-04-06 13:42:49,0.5805025335180762
2025-04-06 13:42:49,1.9495050193418146
2025-04-06 13:42:49,0.8352602441366492
2025-04-06 13:42:49,1.9970336417202303
2025-04-06 13:42:49,1.8663415415980995
2025-04-06 13:42:49,1.5578754412231668
2025-04-06 13:42:49,1.9003038384044457
2025-04-06 13:42:49,1.5525559862296485
2025-04-06 13:42:49,1.4097116952506725
2025-04-06 13:42:49,0.5139069987136115
2025-04-06 13:42:49,1.3224524145276018
2025-04-06 13:42:49,1.963235433044338
2025-04-06 13:42:49,1.2630068342828666
2025-04-06 13:42:49,0.6481641409421246
2025-04-06 13:42:49,1.1581223071338764
2025-04-06 13:42:49,1.212934490889472
2025-04-06 13:42:49,0.649691193720312
2025-04-06 13:42:49,0.9223762564580054
